N,P,K,temperature,humidity,ph,rainfall,label
1.0,15.0,9.0,29.98364695,94.55239717,7.53350946,115.3560318,orange
24.0,142.0,202.0,22.53779727,91.48135786,5.710819862,101.8474768,apple
87.0,28.0,35.0,26.5602777,57.1621814,6.759211911,152.0616227,coffee
88.0,35.0,35.0,27.55906475,58.45742907,6.784460602,117.9389993,coffee
50.0,60.0,47.0,32.57720726,92.74889453,6.92791761,93.7942847,papaya
83.0,25.0,53.0,26.49195283,80.04678201,6.057697106,57.72799157,watermelon
68.0,70.0,54.0,31.29986342,92.76039164,6.986228647000001,54.77830202,papaya
35.0,41.0,18.0,28.70562673,81.59200689,6.705008503999999,59.87065439,mungbean
33.0,80.0,22.0,28.57006111,65.71765781,6.593961761,70.0866434,blackgram
18.0,23.0,44.0,23.71028128,89.61794165,6.184400085,105.64999070000002,pomegranate
16.0,65.0,16.0,18.13027797,62.45851612,6.078724107,50.6128521,lentil
101.37641164803253,52.88274533409635,40.55841667992015,24.56940879965302,80.0,6.208565501688064,76.22814071776953,wheat
83.0,79.0,55.0,25.14748006,83.34688193,5.565028635,98.66679427,banana
47.422721024649896,29.269514949700298,49.158645407069166,23.728400153087517,57.8704621966777,5.782930480106391,67.67408633472635,millet
101.30570602357257,55.10401513502325,41.59247756458776,20.616961910162033,64.61245570444613,6.894245823243426,51.67308985441005,wheat
119.0,72.0,55.0,25.99069521,83.33983116,6.220643671,112.0777152,banana
63.0,58.0,47.0,26.83054058,90.75379971,6.864143752,144.66564440000005,papaya
99.0,38.0,21.0,22.88330922,71.59722446,6.352471866,67.72777298,maize
104.0,26.0,30.0,24.40726724,62.65692638,6.410992833,148.6977358,coffee
20.0,20.0,10.0,11.86631922,93.68394562,6.976997772000001,106.060149,orange
49.93937712868307,41.91791095551386,24.75585225444232,20.094844588619004,60.20908993458926,6.130243005569447,49.54740912141134,mustard
80.0,15.0,28.0,23.11438731,68.00096043,6.703270635,161.8944624,coffee
60.0,55.0,36.0,26.12797248,80.49172597,7.132389299,150.6326874,jute
118.0,18.0,32.0,27.6496114,51.11044023,6.351823783,122.8392822,coffee
44.0,74.0,85.0,20.18649426,19.63719995,7.150681303,78.26039559,chickpea
37.99333586835962,38.86518048633157,28.485878987242273,21.076412085988075,72.16030651260893,6.057177237905483,81.2508416515187,millet
42.0,61.0,22.0,26.27274407,62.28814857,7.418650668,70.23207557,blackgram
74.0,46.0,45.0,25.75734909,88.36668522,6.025028997000001,189.4263485,jute
39.0,77.0,21.0,22.99774444,60.24218572,4.603563116,159.689339,pigeonpeas
84.0,51.0,35.0,22.30157427,80.64416466,6.043304899,197.9791215,rice
91.0,94.0,46.0,29.36792366,76.24900101,6.149934034,92.82840911,banana
0.0,49.0,18.0,29.68361658,87.93598094,6.990095452,41.82490236,mungbean
53.81571080986724,23.90506908612962,24.57778883561923,19.485838877906993,55.125209024960625,5.749313110164014,52.6737422063975,millet
3.0,26.0,39.0,24.38318965,91.19431555,7.079973241,103.6012114,pomegranate
43.04926707906222,25.18092629591793,37.905585213647754,26.858623641608816,62.999627883208376,7.255099413463998,80.49267016855273,millet
7.0,73.0,25.0,27.52185591,63.13215259,7.28805662,45.20841071,lentil
56.04874310527298,23.941615771740373,41.63357399434971,21.744092004783543,62.03991176094298,6.428060095326571,69.09082856157448,millet
27.0,79.0,82.0,17.06579293,17.54024066,6.307004922999999,70.87150577,chickpea
20.0,60.0,78.0,18.17234999,14.70085967,6.358740355,90.7760707,chickpea
17.0,57.0,21.0,19.88394011,20.31564139,5.789214288999999,60.91974792,kidneybeans
93.0,26.0,27.0,24.59245684,56.46829641,7.288211994,137.70440469999997,coffee
112.0,25.0,51.0,25.04746944,85.5667282,6.932537231,56.72496677,watermelon
23.0,75.0,17.0,24.87425505,64.00213929,7.198076286,48.28137482,lentil
71.0,35.0,24.0,22.27373646,59.52193158,5.826426917,67.96704792,maize
23.0,57.0,19.0,32.83963757,67.99803573,7.251000789,73.40452716,blackgram
61.0,59.0,17.0,23.33844615,59.24580604,6.47444292,105.0083144,maize
27.0,72.0,17.0,28.98039357,57.23265151,6.347929353,120.7435664,pigeonpeas
102.57052421784955,65.45714203425942,39.082108468264806,18.731061634475736,59.73844201524726,6.348117258136953,85.02825830347271,wheat
26.0,11.0,11.0,13.70319166,90.95589386,7.609348255,106.2944879,orange
90.0,49.0,21.0,24.84016732,68.3584573,6.4725232870000005,74.05474936,maize
34.0,65.0,19.0,23.43974653,63.22011726,5.94239222,45.40277297,lentil
55.64708798308646,32.497553596181696,33.07599424665685,22.04694410938715,58.854928493747934,6.695456597401852,36.81571334057999,mustard
120.0,25.0,50.0,28.05457761,94.81637388,6.327210469,21.84869328,muskmelon
30.0,65.0,25.0,32.88733849,64.59457409,7.70650895,71.50569456,blackgram
50.484704857061374,34.261381739091945,46.974004938703786,24.18363022574634,46.31879578753762,6.312696383086033,47.49308595641729,mustard
23.0,62.0,19.0,16.51783455,20.4555596,5.609435127999999,98.77794225,kidneybeans
113.7912799154281,55.09769047612491,128.6539645856916,16.912677175790602,81.13542259205784,5.850808247210823,104.3588580199739,potato
60.0,46.0,53.0,24.48620746,92.98254537,6.761953186,183.49095,papaya
12.0,34.0,28.0,33.36140093,45.02236377,6.13526938,98.81596545,mango
2.0,79.0,15.0,21.53577883,65.47227704,7.505283615,35.75107592,lentil
37.0,137.0,199.0,22.63946441,90.18451645,5.697945522,108.3405879,apple
90.97440081655904,42.59469255147094,34.15706694626291,17.963259681459256,50.5339318986738,7.055436983510949,44.69042444342217,wheat
11.0,18.0,42.0,21.57936934,94.88267728,5.938528744,102.8593382,pomegranate
61.0,41.0,35.0,24.97178693,79.47557931,6.842966478999998,195.7571622,jute
107.0,31.0,31.0,23.17124551,52.97841162,6.766184468,153.12016440000005,coffee
35.0,58.0,20.0,29.38538562,63.47742011,5.761702519,90.05422663,pigeonpeas
93.0,43.0,38.0,23.61475336,86.14290267,6.987332927000001,150.2355238,jute
93.0,47.0,37.0,21.53346343,82.14004101,6.500343222000001,295.9248796,rice
12.0,6.0,8.0,30.84835031,92.86773675,6.388617138,107.4142681,orange
16.0,55.0,19.0,19.54314136,47.19188279,6.413543781,192.4372194,pigeonpeas
37.0,6.0,13.0,26.03097313,91.50819306,7.511755067999999,101.2847738,orange
89.20233687407936,61.25458297421848,37.323990113272416,18.69614981207291,65.3573803906403,6.481241897811809,61.727317163027955,wheat
38.22997101131382,27.066903469282355,30.40713306316442,25.10186194020402,64.21129494172591,6.440383853999428,72.51591298329551,millet
39.0,24.0,31.0,33.55695561,53.72979826,4.757114897,98.67527561,mango
16.0,65.0,19.0,27.61204997,69.29786244,7.043160241,42.72374404,lentil
103.0,27.0,31.0,27.15998538,51.59100753,6.691541233,126.1752206,coffee
31.0,36.0,29.0,33.93679864,52.72170281,6.460542749,97.4611918,mango
84.6790170901563,69.35436472356538,119.77023628003302,18.1558376574219,76.91869160485523,6.051547232335492,91.63842397299285,potato
13.0,121.0,196.0,22.20700989,93.50574163,6.443382913,120.1593771,apple
81.0,40.0,45.0,25.7629429,80.76238215,6.427726565,174.5071843,jute
64.73451306993103,45.35558402979586,32.85782479516034,19.56411435524291,47.650507908111244,6.593392602032865,36.20185646497946,mustard
27.0,76.0,83.0,19.12829388,14.92241479,6.289614016,89.61857826,chickpea
78.0,43.0,42.0,21.32376327,83.00320459,7.283736617000001,192.3197536,rice
34.0,47.0,19.0,27.31372793,85.44815232,6.568795403999999,53.15223123,mungbean
74.0,49.0,38.0,23.31410442,71.4509053,7.4880144039999985,164.49703730000004,jute
119.0,30.0,49.0,25.35794749,80.45846265,6.903020221,47.72078245,watermelon
47.21500518493002,50.43339798278547,23.922872826571435,19.965405634764405,64.89950507747311,6.194995061427051,50.950294658355645,mustard
25.0,40.0,21.0,27.73329078,81.13903037,6.248900919,44.17580911,mungbean
22.0,55.0,16.0,23.7937153,68.03209183,6.516317561,49.73922097,lentil
101.0,92.0,45.0,28.22776705,80.64303840000002,5.758054257,98.00403016,banana
71.0,54.0,16.0,22.61359953,63.69070564,5.7499144210000015,87.75953857,maize
31.0,51.0,25.0,27.53592929,85.57019009999998,7.196774236,53.01899249,mungbean
103.07235681176651,72.40400394251262,114.6815077430393,14.322703010992976,82.13682293354785,6.303310244222932,82.63916803750872,potato
118.0,40.0,35.0,26.35034208,58.50650238,7.460174812000001,121.5586297,coffee
18.0,55.0,23.0,21.9989826,56.31006755,6.98571967,136.82743119999998,pigeonpeas
6.0,37.0,17.0,28.08657178,80.35005927,6.760694227999999,38.14476781,mungbean
11.0,72.0,20.0,19.52226241,24.92607153,5.9511774520000005,113.334026,kidneybeans
60.15693326155192,44.74375359497661,34.5704044888516,17.450839153269712,47.58895096014769,6.638955438580275,61.85014278708509,mustard
3.0,78.0,18.0,20.21368219,68.65257685,6.887130053,50.89732989,lentil
6.0,30.0,40.0,22.77035608,91.45498527,6.36137446,106.9659201,pomegranate
92.22594672589528,58.85977932194548,30.097476009385208,16.422734934957717,61.627709086937784,7.708277143121759,70.87249473473501,wheat
61.0,52.0,41.0,24.97669518,83.891805,6.880431223,204.8001847,rice
84.0,38.0,43.0,26.57421679,73.81994896,7.26158085,159.3223075,jute
4.0,6.0,7.0,23.01014302,91.11764246,6.708889665,112.6738296,orange
25.0,143.0,200.0,23.80436344,92.80441624,6.024248787,100.6192543,apple
40.0,64.0,16.0,16.43340342,24.24045875,5.926676985,140.3717815,kidneybeans
29.0,140.0,195.0,23.64082979,90.95257927,5.560521058,116.7431319,apple
7.0,31.0,27.0,31.32863689,47.59319575,6.524114355,94.67344737,mango
24.0,63.0,19.0,19.3479443,55.96805489,4.681576043,194.5921148,pigeonpeas
25.0,48.0,21.0,28.438097,83.48991368,6.267684328,52.55469976,mungbean
2.0,40.0,27.0,29.73770045,47.54885174,5.954626604,90.09586854,mango
31.64152644783173,27.766759343573682,41.239786657305274,21.193683893866215,66.34923737573382,6.829633067899989,33.765854130150096,millet
83.779784732604,55.55618304671796,135.28083094771446,19.187410600312226,62.07965931837771,6.050058688482677,68.37623474903977,potato
117.0,81.0,53.0,29.50704598,78.20585613,5.507641777999999,98.12565829,banana
1.0,66.0,23.0,19.54317155,56.92831399,4.803564468,173.1686574,pigeonpeas
60.0,61.0,78.0,20.71219282,19.83643308,6.317153205,94.03659867,chickpea
67.0,60.0,25.0,24.92162194,66.78627406,5.750254943,109.2162279,maize
112.33817368154783,47.644606126129574,57.1515527146026,20.925359200253254,72.01885641676823,6.539265556879136,52.85474749687799,wheat
93.0,91.0,47.0,27.84767901,83.31110751,6.101241579,117.2878912,banana
86.0,59.0,35.0,25.78720567,82.11124033,6.946636369,243.5120414,rice
21.0,74.0,15.0,29.49096726,67.10604388,6.471862118,153.2504506,pigeonpeas
83.0,15.0,49.0,28.92705913,91.39356832,6.438008152999999,23.20076686,muskmelon
13.0,61.0,24.0,18.29783597,69.6897615,7.629910252999999,49.39111479,lentil
97.21511535004274,61.296676829939614,39.5237971515056,22.598216739007732,60.28210841577383,7.6301603194581755,58.437692705115296,wheat
47.0,79.0,78.0,17.48395377,14.76014523,6.609696734,65.11365631,chickpea
10.0,70.0,19.0,24.84918386,68.98088448,7.272427638,41.61080544,lentil
99.79754162893099,46.50157029019116,40.36457471923051,18.22741367458118,57.84474532444354,6.773568080541073,63.10390521705213,wheat
60.0,46.0,22.0,24.89364635,65.61418761,6.625404347999999,87.9298085,maize
28.0,27.0,34.0,32.45465292,50.69693751,6.526654345,95.04871605,mango
24.0,53.0,17.0,28.95451232,89.07866095,6.421271178,57.65901369,mungbean
28.0,37.0,28.0,32.13409675,50.52559148,6.097869767000001,98.63333684,mango
3.0,77.0,25.0,24.84906168,22.89464642,5.608165195,62.21292186,kidneybeans
80.0,77.0,49.0,26.05433004,79.39654531,5.519088423,113.2297373,banana
38.0,60.0,76.0,18.65054116,17.80852431,8.868741443,77.92798682,chickpea
94.22376579375525,57.77158567597581,47.34289557643821,22.426068650848656,67.6411385640099,6.737729105843168,78.5187803545731,wheat
70.0,38.0,35.0,24.39736241,79.26861738,7.014063944,164.2697011,jute
38.0,61.0,21.0,30.27374995,67.38680755,4.696518678,127.7767134,pigeonpeas
5.0,32.0,33.0,32.32362177,52.58967710000001,5.842763773,93.36718816,mango
1.0,29.0,29.0,27.32961444,49.30347234,6.052026047000001,93.53197359,mango
49.0,54.0,50.0,25.62446619,93.18240298,6.762522087000001,97.26336657,papaya
40.0,73.0,20.0,21.59343016,20.31871249,5.811314232000001,61.13872036,kidneybeans
39.0,9.0,15.0,25.35467646,91.81183218,7.992041984,116.7555937,orange
58.0,71.0,15.0,27.82592799,67.58618829999999,6.919243702,74.01229707,blackgram
2.0,47.0,15.0,29.86860065,85.99127934,6.401455706,58.41394143,mungbean
105.42454037571451,53.036895071977035,36.47964410642413,18.293028295646494,55.75599081911578,6.051683231589657,33.18836229928385,wheat
98.0,44.0,21.0,25.77175115,74.089114,6.524478032,107.4931917,maize
58.0,46.0,45.0,42.39413392,90.79028064,6.576261427,88.46607497,papaya
113.96920178674299,49.28518865578906,36.12612741706999,14.992411906086573,53.657017341901245,6.635249213551013,65.71062120817386,wheat
7.0,63.0,24.0,22.95458237,24.03553105,5.858617867,107.7315386,kidneybeans
36.0,43.0,22.0,27.82684262,87.16679147,6.3898821660000005,58.37249772,mungbean
57.0,67.0,25.0,32.34744009,66.61452812,7.551364319,64.55882254,blackgram
7.0,23.0,35.0,19.75088482,88.71691157,7.054313822999999,102.5538035,pomegranate
1.0,124.0,199.0,23.71059131,93.27392415,5.658473817000001,112.66765890000002,apple
29.0,76.0,15.0,28.541723600000005,64.2020154,7.0256077060000015,69.68862306,blackgram
33.0,58.0,24.0,35.45790488,68.75810535,5.269504214,108.6333046,pigeonpeas
27.0,74.0,20.0,24.69487673,59.96669215,5.8598134160000015,91.95792434,pigeonpeas
13.0,67.0,18.0,30.5753044,34.75591197,5.384762927000001,177.5764304,pigeonpeas
26.0,80.0,18.0,19.32509638,23.3334788,5.581021521,104.7783947,kidneybeans
78.0,48.0,22.0,23.08974909,63.10459626,5.588650585,70.43473609,maize
37.08037816365692,28.64109540690101,35.515373607451224,26.216431442662508,63.201152145535374,5.5709027897040775,86.3279031500638,millet
22.0,60.0,85.0,18.8392908,14.74071856,7.811997977000001,94.78189594,chickpea
56.0,57.0,48.0,31.56213762,93.0484859,6.506120752,63.62250788,papaya
100.0,35.0,36.0,25.31042337,72.01364411,6.346715209,190.5577618,jute
91.54787571348689,60.76896621552787,130.43117234402226,18.17889110976052,87.53024822868437,5.836689250909685,87.90048291965509,potato
76.0,60.0,39.0,20.0454142,80.3477562,6.766240045,208.5810155,rice
103.91582908269834,56.22980084756422,42.45839616701287,22.061617122496237,58.47729057533113,6.408494513687077,49.986637083376365,wheat
95.0,30.0,52.0,29.48069921,90.33698678,6.640470862999999,26.0365768,muskmelon
12.0,20.0,39.0,19.86173586,86.19740917,6.026999326,111.0217929,pomegranate
21.0,137.0,196.0,23.6119202,91.70293849,5.812781806,123.5900822,apple
106.0,16.0,54.0,28.96017885,91.69532178,6.585872508,24.7458198,muskmelon
102.0,24.0,54.0,27.72338349,90.93897939,6.698468621,22.81863447,muskmelon
1.0,67.0,21.0,27.52135365,60.53657684,6.551577598,48.06491307,lentil
91.0,75.0,55.0,27.48612983,76.11239849,6.212369363,109.2768851,banana
25.0,78.0,76.0,17.48042641,15.7559405,7.228963452,66.96980581,chickpea
98.2652757641764,42.14013412351018,44.03989823184366,18.73489971332617,43.46046319968099,7.011921671166113,61.884903783636744,wheat
67.0,35.0,22.0,23.30546753,63.24648023,6.385684213999999,108.7603001,maize
5.0,29.0,44.0,21.02432943,93.0569505,5.578095745,104.7847006,pomegranate
106.0,10.0,49.0,27.72653142,92.00687531,6.350623739,20.21126747,muskmelon
35.0,128.0,205.0,21.07273439,93.56585985,6.041053829,107.8737015,apple
53.617719557081905,28.777957498938203,31.954777899493,26.033625958592722,79.2024871408761,6.504768600285597,59.594437411469194,millet
60.17972714249637,36.10376177007144,34.96642388702572,16.172231243610696,62.37441201581802,6.622928838787849,64.62587190530795,mustard
66.27683430318419,36.11474916618904,39.67361902107268,22.923974981069435,75.0,6.736717006212656,39.942532957380635,mustard
37.0,65.0,16.0,22.8352024,18.97267518,5.683548308,63.59276673,kidneybeans
29.62534441635323,27.257422460482367,32.7142307774984,27.485634907824572,65.74275920912892,5.862723089801036,71.82825846440467,millet
23.0,59.0,25.0,27.826262300000003,88.73100226,6.320768488,56.68833819,mungbean
11.0,71.0,17.0,19.9191786,21.47324158,5.74644777,82.68554379,kidneybeans
2.0,38.0,33.0,32.38697531,53.2328243,4.691396195,90.21633216,mango
14.0,59.0,15.0,21.35135729,22.91244883,5.779090476,146.4548645,kidneybeans
105.63547027518509,50.46961816317783,31.378041776565553,20.37498808188881,65.48841167998751,6.819233978664553,63.49055695880422,wheat
94.0,26.0,27.0,26.36629861,52.25738495,7.456460375,177.31761609999995,coffee
111.0,28.0,26.0,27.77363343,64.47858698,6.937352845,192.7121236,coffee
55.0,67.0,16.0,34.37329112,69.69366426,6.596719015,70.27184748,blackgram
88.0,5.0,47.0,25.86475496,86.67468041,6.662244646,41.16554802,watermelon
100.0,80.0,52.0,27.53911354,77.25629897,6.049801781,110.3262123,banana
36.0,140.0,198.0,23.34386401,91.47684705,6.28188384,104.4267991,apple
18.0,74.0,15.0,24.9035819,22.27512704,5.70836603,146.4727237,kidneybeans
78.0,58.0,15.0,25.00933355,67.816568,6.5286312660000005,62.91359494,maize
44.0,47.0,45.0,38.73218907,94.73613484,6.579441304,218.142147,papaya
7.0,63.0,24.0,19.55750776,64.45268309,6.818681086000002,53.04669416,lentil
20.0,79.0,77.0,18.54988627,16.02542689,7.64867466,76.32565249,chickpea
89.0,9.0,47.0,29.47156259,90.77069618,6.6683827660000015,28.75226067,muskmelon
115.0,12.0,52.0,27.51492243,94.96218673,6.685553129,21.01796432,muskmelon
22.0,17.0,26.0,28.69818144,47.71875722,4.754435025,99.642454,mango
88.92120104666915,55.014875788601884,126.38145913215506,16.12331189547141,69.05164590326216,5.899264069664337,75.95864368728769,potato
79.0,43.0,39.0,21.66628296,80.70960551,7.062779015,210.8142087,rice
93.0,94.0,53.0,25.86632408,84.42379269,6.079178787999999,114.5357503,banana
20.0,72.0,19.0,32.47648301,64.34848735,7.397190844,65.82045699999999,blackgram
7.0,17.0,26.0,34.89226666,48.75613373,6.414526606,91.63074547,mango
60.465594285346015,12.471897099032354,27.150578060264852,24.34507823744225,65.05137815848751,6.30171653192543,73.60569231532995,millet
41.0,78.0,21.0,25.19857725,60.37332688,6.581313137,70.88787207,blackgram
77.0,57.0,21.0,24.9321581,73.80435276,6.550563822999999,79.74078719,maize
35.0,57.0,83.0,19.48316794,17.44534641,7.476800943,80.4986291,chickpea
43.0,66.0,79.0,19.46233971,15.22538951,7.976607593,74.58565097,chickpea
42.0,79.0,85.0,17.22385224,15.82069268,6.129533877,76.57580954,chickpea
45.0,58.0,49.0,30.10773379,90.34546355,6.827812549,75.24521981,papaya
74.0,54.0,38.0,25.65553461,83.47021081,7.120272972,217.3788583,rice
28.0,66.0,23.0,21.53989176,24.25386207,5.99616119,120.6913038,kidneybeans
82.0,29.0,35.0,26.67377159,52.24226285,6.246872394,156.15438980000005,coffee
58.59316476454343,39.2347052777348,41.359618304279735,17.709520211296894,42.31213350209633,6.227673145955924,62.5547569831549,mustard
28.0,79.0,16.0,24.70626432,60.26854183,6.0521848810000005,53.12442925,lentil
24.0,67.0,22.0,20.120043,22.89845607,5.618844277000001,104.6252153,kidneybeans
109.0,21.0,55.0,24.9004602,89.73524177,6.770278088,57.44942094,watermelon
101.0,11.0,51.0,25.50736962,84.24340241,6.792035575,44.2068997,watermelon
114.52967485799334,61.85119035458778,36.05599252272934,19.47575751451952,71.83955311112021,6.608937021293953,78.91195764037097,wheat
84.0,36.0,28.0,26.7350622,55.55164819,6.119892347,140.63052130000003,coffee
50.0,46.0,52.0,31.18298415,90.21646909,6.734005647999999,54.01872359,papaya
22.0,78.0,76.0,17.84851658,19.09172907,8.621662982,76.32470713,chickpea
89.0,91.0,55.0,25.08347445,80.26173100000003,6.275572297999999,94.32961456,banana
40.0,58.0,75.0,18.59190771,14.77959596,7.168096055,89.60982451,chickpea
12.0,20.0,10.0,24.45132792,93.10527686,6.528354932,109.4711098,orange
44.0,57.0,53.0,42.30495821,90.51431779,6.93172108,74.876786,papaya
15.0,9.0,11.0,11.54785707,94.14861001,7.907956251,108.82891709999998,orange
6.0,13.0,9.0,34.51423957,90.56151463,7.786725333,118.32719679999998,orange
104.0,23.0,47.0,26.98212846,86.70068316,6.770434148,42.91292205,watermelon
111.0,5.0,55.0,26.283443,84.42478917,6.520663422,50.78669728,watermelon
91.56188289848936,56.898387520512124,151.60175823174208,14.640990316121568,89.63851443803564,5.375885650928506,88.09764512367636,potato
111.07699869993115,56.81967947683304,33.6598340925384,15.533338813300706,63.07252359151446,7.134276844826057,60.97058360851846,wheat
88.0,78.0,45.0,29.10403455,79.19588629,6.324270089,92.07835761,banana
85.0,52.0,45.0,26.31355498,82.36698992,7.224285503,265.5355937,rice
7.0,16.0,9.0,18.87957654,92.04304496,7.813916602999999,114.6659511,orange
72.2674696103706,42.772365359511376,30.449027991799582,22.148969717449503,49.9945817000303,6.594846787154833,41.48078682183491,mustard
107.0,21.0,26.0,26.45288458,55.32222678,7.235070264,144.68613359999995,coffee
37.0,50.0,23.0,29.65296893,88.48587386,6.5304707,56.01913159,mungbean
76.0,51.0,18.0,26.16985907,71.96246617,6.247040422,79.84925393,maize
90.0,16.0,45.0,24.92093261,80.61750795,6.291540277999999,50.55710813,watermelon
24.0,27.0,9.0,18.86883219,93.24688124,6.157135092000001,119.3936976,orange
23.0,75.0,25.0,31.07508973,47.19847683,7.077170002000001,91.31256412,pigeonpeas
21.0,63.0,22.0,25.09737391,67.72837887,6.859409487000001,74.61649888,blackgram
47.13871178305553,44.07623969773902,32.84138812526548,19.422834065388077,66.7134179100195,6.604895014189908,42.4382024750462,mustard
99.0,29.0,55.0,29.19378695,91.46241065,6.660954816,26.48240255,muskmelon
103.13295392507133,48.7339736613101,23.798859306739143,15.523508409622465,73.02892436457033,6.455834653886419,74.87804700754297,wheat
120.35747641948046,52.843141582243966,162.44882084958192,16.394294365318295,86.48418812320071,6.324873022956082,95.69637879455944,potato
27.0,71.0,23.0,23.45379018,46.48714759,7.10959773,150.87122019999995,pigeonpeas
91.0,56.0,37.0,23.43191632,80.56887849,6.363472207999999,269.5039162,rice
39.0,69.0,53.0,25.9300384,93.02357765,6.964955435,241.8202079,papaya
102.0,73.0,52.0,27.9122104,83.36307683,6.356090905,90.24211529,banana
63.697381328655545,45.87314830469077,29.422934838845542,18.275680564839565,51.34158675930568,6.42677585789774,39.42576946891679,mustard
28.0,76.0,82.0,20.56601874,14.25803981,6.654425315,83.75937135,chickpea
102.13241201119905,80.21545940698897,141.78700237976247,16.954043596776422,76.07936490692087,5.840062271434684,98.13511045607123,potato
43.55682134576112,26.825683935922232,33.280401409208274,25.654456128121403,61.71348569636332,6.4535080387468255,81.1145848268991,millet
81.0,18.0,50.0,26.44019475,80.91934337,6.507110986,47.81847573,watermelon
30.0,17.0,31.0,31.20478173,54.49960506,6.804437106,94.62954663,mango
86.0,26.0,27.0,27.13140403,52.89368299,6.081172981,192.4280381,coffee
69.0,66.0,49.0,40.00439101,90.17015833,6.52711001,92.11877372,papaya
54.0,61.0,77.0,18.81198127,15.21618225,6.206582192999999,77.54294240000002,chickpea
65.0,37.0,40.0,23.35905428,83.59512273,5.333322606,188.413665,rice
6.0,69.0,19.0,26.88630675,41.69617915,4.7509292180000005,94.46748008,pigeonpeas
17.0,58.0,20.0,28.06642822,85.91625451,6.42937879,39.23831035,mungbean
25.0,62.0,21.0,26.73433965,68.13999721,7.040056094,67.15096376,blackgram
37.017334783265866,36.89182409657229,29.854826361654503,23.750683282113915,77.92466258838586,5.448152734084427,77.21448098714937,millet
82.0,75.0,55.0,27.34585147,78.48738349999998,6.281069505,92.15524332,banana
91.0,13.0,47.0,29.10968327,92.43510994,6.14410903,27.95602304,muskmelon
21.0,38.0,21.0,29.75538903,86.45193297,6.637677489,37.54602719,mungbean
57.32001875920867,18.80078029756164,29.53297681792319,26.542265031451265,72.17471452692425,6.200337789977783,58.721162786693625,millet
100.0,48.0,16.0,25.71895816,67.22190688,5.54990242,74.51490791,maize
90.99041965121792,55.79721092070113,34.27757032592025,19.872359451156466,68.46739589479671,6.903889000688593,65.66869894746434,wheat
88.0,38.0,15.0,25.08239719,65.92195844,6.455116637000001,62.49190812,maize
36.0,56.0,83.0,18.89780215,19.76182946,7.4526709,69.09512477,chickpea
23.0,24.0,32.0,28.1218093,46.16888595,5.630619901,93.30247448,mango
99.0,41.0,36.0,24.45802087,82.74835604,6.738652179,182.5616319,rice
121.98473153382331,61.328255576344375,58.51726853338807,18.290987894978155,76.4859833990559,6.132237887551451,55.51430653465626,wheat
33.945639291444316,27.28063170403635,24.280028350447726,23.276227036144373,52.326912455956084,6.179086770324111,72.55952448847526,millet
115.0,11.0,46.0,24.41592661,89.39655519,6.623167177000001,40.32161859,watermelon
26.0,27.0,10.0,28.06903173,92.91487288,6.079998496,114.1339416,orange
60.0,58.0,51.0,42.07213781,92.92203105,6.840802254,165.7412972,papaya
16.0,35.0,31.0,32.27652024,50.19368841,5.316875978000001,95.99487068,mango
38.0,72.0,21.0,28.23416057,49.4421345,5.902103172,186.5008581,pigeonpeas
6.0,59.0,21.0,26.58972517,66.14007674,6.139215944,50.90994463,lentil
95.0,57.0,41.0,23.24925555,73.65346838,6.434610995,184.7674863,jute
31.0,70.0,77.0,20.88818675,14.32313811,6.492546046,90.46228334,chickpea
33.0,143.0,204.0,21.1316077,91.95769858,5.814434775,122.5391946,apple
8.0,33.0,29.0,29.98080499,49.48613279,6.442393461,91.82271568,mango
34.0,48.0,48.0,41.04224355,91.37258067,6.805277038,181.527598,papaya
58.0,63.0,81.0,19.81344531,14.69765308,6.515499548999999,78.96514709,chickpea
69.00347827531816,32.24036225277302,36.501201237510166,19.320862224184868,50.102106123938,6.143100002272892,55.23709546106981,mustard
27.0,61.0,18.0,33.30711818,67.07780816,5.266227032,108.5090168,pigeonpeas
78.0,46.0,42.0,23.09499564,78.45959697,7.095413294,155.3851533,jute
45.0,47.0,55.0,38.4191628,91.14220381,6.751452932,119.2653877,papaya
96.61335549270197,47.724900361642085,25.061878459266016,19.785471076310742,74.04272673954563,7.017344076951974,70.65762028563195,wheat
111.0,27.0,31.0,23.59302313,55.27564977,6.0433309510000015,191.3980675,coffee
8.0,120.0,201.0,21.18667419,91.13435689,6.321152192,122.233323,apple
33.0,57.0,17.0,27.89636126,88.71782287,6.78415271,57.79863368,mungbean
116.0,38.0,34.0,23.29250318,50.04557009,6.020947179,183.468585,coffee
58.0,66.0,79.0,20.99373558,19.33470387,8.718192847000001,93.55280105,chickpea
97.0,74.0,45.0,26.47522633,78.51833782,5.677719902000001,113.1161095,banana
49.0,69.0,82.0,18.31561493,15.36143547,7.26311855,81.78710463,chickpea
98.0,29.0,30.0,25.64004392,61.03273481,6.217974349,199.4735636,coffee
29.0,16.0,36.0,19.81069447,88.92944254,5.7403380020000006,102.860084,pomegranate
42.0,53.0,48.0,23.11407669,94.31994776,6.758479569,231.5153161,papaya
90.0,92.0,55.0,27.00932084,80.18546798,6.13465588,97.32531705,banana
26.0,80.0,83.0,17.08498521,16.14565756,7.528599957000001,71.31007253,chickpea
83.0,22.0,54.0,25.89762315,81.96664832,6.277245253999999,54.49960057,watermelon
49.0,55.0,78.0,18.65580107,16.17772668,7.863113671,81.70769297,chickpea
100.0,74.0,52.0,25.43480512,81.53977797,5.837258235,96.47800391,banana
1.0,135.0,203.0,22.77856513,92.70124029,5.624203283,113.7759219,apple
3.0,67.0,24.0,17.00067625,19.90790546,5.520880013999999,103.2926407,kidneybeans
21.0,78.0,19.0,27.16159076,66.76017239,6.92009048,69.85112265,blackgram
27.0,13.0,6.0,13.36050601,91.35608208,7.335158382,111.2266885,orange
15.0,123.0,204.0,22.52709326,92.54780429,6.365972687999999,115.3830068,apple
19.0,65.0,25.0,18.09551014,18.29318436,5.6250964460000015,144.7902323,kidneybeans
31.0,25.0,12.0,18.05142392,90.03969587,7.016482298,111.7793889,orange
97.0,22.0,50.0,26.26028739,86.14585891,6.769893799999998,58.97878791,watermelon
93.0,56.0,36.0,24.01497622,82.05687182,6.98435366,185.2773389,rice
29.0,71.0,18.0,22.17499963,62.13873825,6.410441476,53.46622584,lentil
48.0,65.0,78.0,17.43732714,14.33847406,7.861128148,73.0926704,chickpea
9.0,38.0,25.0,34.58561471,50.34035336,5.497946899,100.3060719,mango
14.0,59.0,22.0,23.82723528,67.89815262,6.76660668,46.90725077,lentil
5.0,77.0,19.0,31.08564994,66.68832981,6.242052013,175.9303271,pigeonpeas
106.0,21.0,35.0,25.627355,57.04151119,7.4285236339999985,188.5506536,coffee
14.0,74.0,19.0,18.39759147,36.82639309,6.624966131,93.12330644,pigeonpeas
25.0,71.0,24.0,28.49538735,60.44848407,7.187721817999999,74.91559514,blackgram
101.66383884564799,72.52364500647982,48.71160477573893,14.357434161636803,70.94905246025878,6.078047159734192,58.86541188282578,wheat
77.90950922402025,59.604290322780535,110.79543401993658,23.051783074373606,73.21461897984005,5.686261677703754,91.92688777259838,potato
104.0,25.0,51.0,28.96361426,93.88482153,6.469983276000002,23.56130173,muskmelon
58.0,67.0,45.0,38.72382798,91.72514851,6.702424548,62.62377075,papaya
38.0,14.0,37.0,21.80523051,94.63612858,6.658402594,102.6488846,pomegranate
31.0,29.0,26.0,28.22373428,47.40519056,5.024124683999999,97.76832322,mango
38.66302628970871,27.203780988790548,27.991348007360756,26.39982570582615,60.1005010028765,7.057737338806814,82.72251888998656,millet
54.0,66.0,52.0,36.56769731,93.79503425,6.867554147000001,104.4218596,papaya
83.0,95.0,50.0,26.51682337,77.79913575,5.50947065,108.8547508,banana
59.0,47.0,53.0,32.86316618,91.4618874,6.8506632320000005,47.271547,papaya
37.0,62.0,17.0,25.68576704,69.84354028,7.121254928,74.62068748,blackgram
13.0,16.0,8.0,34.74004942,93.12316972,6.949838549,100.1967854,orange
58.17120067727985,37.37968158375643,40.03364300281767,21.378690688098807,55.687144050346646,6.279747860366451,51.25508016831036,mustard
76.71630977355818,33.485049226688886,43.69099537935756,21.80390626281536,46.104263793806695,5.911212292498226,42.15124506630329,mustard
40.0,70.0,20.0,31.80130272,45.03186173,5.623490042999999,147.03614419999997,pigeonpeas
46.525897700314374,19.38936380662289,24.92186007005476,22.952049611645407,66.86572905010802,6.198679689294608,58.317445603546375,millet
22.0,79.0,17.0,21.42451099,20.39659714,5.912289889,116.5206923,kidneybeans
20.0,19.0,35.0,34.17719782,50.62161586,6.113935087000001,98.00687989,mango
68.0,41.0,16.0,21.77689322,57.80840636,6.158830619,102.0861694,maize
45.38545081015967,28.37325839374459,36.83927136677427,27.944743360752142,67.08257471016977,6.089295565651664,72.32307893641054,millet
99.0,50.0,15.0,18.14710054,71.09445342,5.573286437,88.07753741,maize
9.0,66.0,21.0,30.11812084,34.13307843,5.719889876,157.0858232,pigeonpeas
83.0,10.0,53.0,24.92994759,85.00802358,6.195142279,48.75859458,watermelon
13.0,69.0,19.0,17.30844532,20.01730914,5.86390397,115.199245,kidneybeans
105.0,93.0,46.0,25.01018457,78.76260938,5.760457558,108.3690513,banana
20.0,139.0,202.0,23.50201428,92.21083961,5.66999105,107.9868949,apple
14.0,74.0,15.0,27.99990346,65.57653373,6.493036868,49.94043064,lentil
63.0,58.0,22.0,18.25405352,55.28220433,6.204747652999999,63.72358154,maize
67.0,47.0,44.0,26.73072391,81.78596776,7.868474653,280.4044392,rice
29.0,36.0,25.0,28.28511547,88.4393979,7.130278657000001,48.56690235,mungbean
0.0,55.0,22.0,22.98666928,20.57940608,5.916779289,143.85849380000005,kidneybeans
91.0,24.0,55.0,26.27061608,83.09194521,6.259086582999999,46.76837499,watermelon
107.58889286866625,48.965446175883784,142.60965323483086,18.230465673180767,75.62520662371125,5.472306170598226,73.53718628482372,potato
118.0,31.0,34.0,27.54823036,62.88179198,6.123796057000001,181.4170812,coffee
4.0,59.0,25.0,27.68515114,81.94268594,6.227134139,54.62243308,mungbean
104.78963337222486,61.5724382120926,153.6617991964521,15.932436545731296,77.97409132783562,6.068477313083332,96.69372367622235,potato
59.0,63.0,18.0,31.65531175,60.13263713,6.52669158,66.69096751,blackgram
65.0,54.0,39.0,23.75091572,71.14782585,7.124571593,160.0889553,jute
43.64710217665286,25.69906607638317,35.29865866288296,17.481991361957892,77.8977650260434,6.255220440576303,60.77029180255242,millet
6.0,72.0,15.0,22.99451999,66.70897237,7.670178119,54.49044154,lentil
57.0,60.0,17.0,26.23773129,67.88521396,7.504608385,73.58663968,blackgram
64.82549944865875,39.995748432540125,40.325932555243014,17.129341778118455,44.42033634605144,6.882462512383617,60.63413358832108,mustard
29.0,34.0,26.0,33.88004781,54.39416048,6.2739536760000005,89.29147581,mango
18.0,58.0,16.0,21.47607807,38.80023714,4.962661422,180.382234,pigeonpeas
105.0,18.0,35.0,23.52648086,68.44030686,6.743417121,171.8839938,coffee
68.0,62.0,50.0,33.20258348,92.76437927,6.977700268,197.5282582,papaya
109.0,91.0,53.0,29.66727337,83.51014178,6.010095852999999,110.2511102,banana
63.0,42.0,21.0,23.26237612,72.33125523,5.798423907999999,67.10225139,maize
80.0,26.0,55.0,24.53442564,88.989272,6.140099215,49.11618732,watermelon
96.48769937914996,53.70971430667193,28.97864505634327,17.937295218107554,56.39947622816605,6.539742972351269,69.96121883868442,wheat
51.0,57.0,55.0,24.70528368,90.14732171,6.6764073370000006,108.4103158,papaya
40.0,29.0,42.0,24.63228709,89.01574455,7.104094929,110.6956184,pomegranate
50.318022032661965,38.956131413757134,23.960744608322152,28.836834773965936,67.30954903423886,6.422422723626421,73.1507359480231,millet
32.0,56.0,21.0,27.38538997,88.66663953,6.702772465,58.29933073,mungbean
39.0,30.0,38.0,20.12644921,87.59629625,6.965156737999999,108.065579,pomegranate
70.18646628098661,76.76135333271695,36.91749122510592,15.575105143934547,68.9565992914766,7.257501617282771,80.2586611399299,wheat
34.0,73.0,15.0,20.97195263,63.83179889,7.630424082999999,53.10207889,lentil
50.100672827417455,30.51686329827825,28.446570157775536,28.021351338069433,64.88438183297377,6.172769017869577,87.42961041364894,millet
39.0,60.0,21.0,34.89814946,63.59948557,6.97297656,64.72797143,blackgram
104.89903306857366,51.96687386598346,108.27979149375633,19.197669367815838,84.68226761435189,5.7735153854946235,87.4386855488375,potato
21.0,135.0,198.0,23.86087054,94.92048112,5.7650151260000015,105.0241329,apple
38.0,68.0,54.0,29.33710543,90.81781439,6.739170045,202.0572747,papaya
100.0,6.0,53.0,29.05248036,93.92217834,6.105909623,23.66620626,muskmelon
108.13840065378947,54.40443267387066,70.0,17.39342204269832,64.11551067247,6.467619953435585,82.9525317378702,wheat
115.0,17.0,55.0,27.57826922,94.11878202,6.776533055,28.08253201,muskmelon
2.0,143.0,196.0,22.71271308,90.45261746,5.669489065,109.8852597,apple
70.0,36.0,42.0,21.84106875,80.72886384,6.9462098810000015,202.3838319,rice
92.0,21.0,48.0,25.81692236,82.043255,6.377427122,54.82963379,watermelon
83.0,29.0,52.0,25.76402693,87.5931128,6.704688865,46.05122728,watermelon
58.12784112714415,36.974921013953974,28.300853360308047,21.708322482027672,61.86760893325332,6.665689981303857,39.835703561124284,mustard
105.0,74.0,45.0,25.14517635,81.38204104,6.098369122,119.218154,banana
36.0,26.0,26.0,30.17294105,51.0845903,6.814630246,95.23444287,mango
111.0,5.0,50.0,27.59350075,91.79742953,6.399891457000001,24.84266123,muskmelon
43.15737223858385,33.095635306224594,26.971350472630697,23.47234256270299,74.01364109462067,5.939490686538595,68.38865005376435,millet
66.0,58.0,35.0,23.5643831,79.46283115,7.321619041,185.25947,jute
98.8472812033042,74.36702138476417,140.6350563638277,12.7808586636657,65.12760751825866,5.52379792207619,78.32317270942133,potato
85.0,22.0,53.0,25.96534238,89.77076659,6.849471704,59.46338556,watermelon
100.0,32.0,26.0,25.234661,57.53161469,6.043485685,124.2261737,coffee
40.0,21.0,8.0,34.90665289,92.87820148,7.418761774,102.1906333,orange
14.0,48.0,21.0,29.24598976,84.80084105,6.991242362,53.43228915,mungbean
45.3030501493393,29.83491056969618,30.14531674003655,23.686652344387586,63.97169990848855,6.123220215801641,61.6634424269313,millet
32.0,73.0,81.0,20.45078582,15.40312102,5.988992796000002,92.68373702,chickpea
32.0,57.0,22.0,28.6899851,87.50436797,6.769415887999999,44.56598352,mungbean
118.0,88.0,51.0,25.44926208,79.49221962,6.201911642000001,100.6619171,banana
9.0,143.0,197.0,23.75033085,92.88160462,5.570020684,117.6602827,apple
20.0,45.0,22.0,29.5888162,89.9939693,6.904587016,54.96121262,mungbean
105.91981481057067,53.34115541516617,135.14088019566557,17.923337787025662,70.87109792893366,6.301771716051311,83.44506662097021,potato
109.0,31.0,27.0,23.05951896,50.40609436,6.973839707000001,164.4971875,coffee
14.0,128.0,205.0,22.60800988,94.58900601,6.226289556,116.0396587,apple
39.0,37.0,15.0,28.9973145,83.78911515,6.821747052,59.84499208,mungbean
83.0,41.0,43.0,21.0525355,82.67839517,6.254028451,233.1075816,rice
83.40497538990958,64.26876463205923,15.0,17.67371955462943,54.402195936059314,7.1484498813726765,64.60696075740802,wheat
6.0,47.0,18.0,29.16174608,80.28038146,6.715276662999999,40.16545979,mungbean
26.0,54.0,17.0,28.5474135,88.9570454,6.27258822,49.4897245,mungbean
83.0,58.0,23.0,19.74213321,59.66263104,6.381201909,65.50861389,maize
88.0,55.0,45.0,24.63544858,80.41363018,7.730367824,253.7202781,rice
94.0,50.0,19.0,23.30355338,73.62548442,5.873242491,97.59081274,maize
120.34360042856234,58.30224741549198,30.017734544281204,16.796338584342493,58.232243203734214,6.63676985079138,66.27716273230276,wheat
100.0,58.0,41.0,23.17403323,87.88255345,6.6587699910000016,160.6217342,jute
92.0,85.0,51.0,29.22118628,81.08183635,5.740764682000001,108.8616474,banana
17.0,59.0,17.0,18.416700100000003,23.42829938,5.689858133,132.9801054,kidneybeans
0.0,123.0,205.0,22.02775403,92.96129462,5.790993052,121.1349176,apple
50.0,58.0,23.0,27.81326852,62.50460464,7.596802025,69.75555541,blackgram
40.0,61.0,22.0,20.94981756,65.8108757,7.002216044,44.23913012,lentil
99.0,55.0,35.0,21.7238313,80.2389895,6.501697816,277.9626192,rice
67.0,45.0,38.0,22.72791041,82.17068809999998,7.300410836,260.8875056,rice
75.01684710539533,70.04604900458817,139.68226271711615,21.148658145958006,71.25738623582517,5.379218418460092,103.03074678997893,potato
89.69970663782544,55.58221564575223,138.54650920348305,19.630800463783295,80.89059292194956,5.5884964432724775,72.25306117471045,potato
5.0,68.0,20.0,19.04380471,33.10695144,6.12166671,155.3705624,pigeonpeas
72.0,42.0,43.0,26.56767277,80.90424543,6.352771037,181.2915605,jute
12.0,58.0,23.0,21.74600081,63.39503184,6.765091462000001,50.43306085,lentil
40.0,9.0,41.0,24.37766782,85.4017118,5.78270695,106.128338,pomegranate
26.0,32.0,32.0,30.91471455,49.92963856,6.810186079,90.14047759,mango
108.0,23.0,51.0,26.84366082,83.85039964,6.106500787000001,40.228644,watermelon
67.0,51.0,24.0,23.50297882,61.32026065,5.584171461,64.77791424,maize
34.0,62.0,55.0,27.58548913,90.72526502,6.585346229,238.5008779,papaya
111.0,88.0,55.0,29.44795403,78.34971537,5.505393832999999,96.45042585,banana
93.0,22.0,52.0,26.58740671,81.32563243,6.932739726,41.87540028,watermelon
93.72732375377153,67.50627044780798,135.53009963309353,22.198066309758005,80.98806065915791,5.837567350794372,81.98291455628342,potato
26.0,67.0,16.0,29.10713092,67.90577375,7.17620823,67.83345933,blackgram
17.0,64.0,18.0,36.75087487,58.25799145,6.07938452,124.6028153,pigeonpeas
37.0,66.0,85.0,20.93175255,18.91295403,6.456148474,78.06910795,chickpea
39.0,65.0,53.0,35.33294932,92.11508608,6.560743092999999,235.6133585,papaya
63.985773987974284,47.414693150932926,25.865844882692652,21.205622381701644,47.5966029915233,6.679168465476016,53.95355430762599,mustard
6.0,66.0,15.0,34.93174223,30.40046769,6.3458060110000005,159.2649827,pigeonpeas
50.62555313479246,23.14986531519897,28.249132386506737,27.321242007860917,61.13551158653249,6.693005999794037,50.70928162757231,millet
39.03241481113775,20.309209104566943,37.302951124952976,22.164692727284145,60.502655787373584,6.449645087994405,77.3892537972537,millet
45.751626485320536,29.979753255534288,25.204847960098476,27.32909952586867,52.890284859097385,6.147856876879238,66.30446164433151,millet
87.0,23.0,28.0,26.22367404,62.26594559,6.979590627,193.7461968,coffee
3.0,9.0,45.0,23.89162561,89.61850203,6.535244251,104.617522,pomegranate
102.0,11.0,45.0,29.03167341,93.12603235,6.35544263,24.15591199,muskmelon
89.0,45.0,36.0,21.32504158,80.47476396,6.442475375,185.4974732,rice
62.0,56.0,35.0,25.97825807,81.65769588,6.235357637999999,163.3488091,jute
53.0,74.0,15.0,29.43463808,64.94329356,7.517097,72.17818157,blackgram
101.0,17.0,55.0,24.37118217,87.1269128,6.451499763999999,44.63907691,watermelon
11.0,78.0,22.0,23.89756791,22.74378977,5.940546818,112.6616435,kidneybeans
113.0,28.0,48.0,28.87726019,92.48839665,6.170520517999999,24.44267592,muskmelon
50.0,55.0,16.0,28.81460716,65.33538112,7.581442888,62.26242533,blackgram
91.0,41.0,37.0,24.48556447,83.20630007,6.132570522999999,192.2316221,jute
35.0,71.0,17.0,29.89286629,66.35375127,6.931924962999999,198.1403003,pigeonpeas
18.0,19.0,27.0,27.75518664,52.34605806,4.772385986000001,94.11213345,mango
67.0,43.0,39.0,26.04371967,84.96907151,5.9999690260000005,186.7536773,rice
20.0,77.0,23.0,34.87248659,38.83786012,5.180271502,148.25027859999997,pigeonpeas
85.0,89.0,51.0,29.21144871,84.70189923,6.1581644220000005,108.5501443,banana
54.704142577627124,43.135084631594545,26.302128681808817,22.033012966869943,37.02488532812316,6.929410034549355,36.515713658091855,mustard
6.0,8.0,11.0,24.35590861,92.39651663,6.600948787999999,119.6946577,orange
40.0,79.0,17.0,21.12695586,63.18738532,6.403683619,38.71834464,lentil
108.0,33.0,31.0,23.69287069,66.76090123,7.393825704,144.6576424,coffee
106.0,40.0,30.0,23.42611644,64.10651528,6.779984384,122.6847408,coffee
92.0,81.0,52.0,27.39341554,81.4654833,6.438137278999998,94.31102057,banana
12.0,61.0,19.0,19.33162606,24.13995025,5.655726817000001,68.51253427,kidneybeans
42.0,74.0,83.0,19.2582557,14.2804191,7.545258424,65.78042032,chickpea
29.0,67.0,21.0,29.79181107,63.38789228,6.621323612,63.02169909,blackgram
29.0,70.0,15.0,30.33499674,63.54718862,6.872594461,74.16699119,blackgram
97.0,8.0,52.0,24.9103226,86.97190046,6.237861736,49.48575692,watermelon
36.0,80.0,21.0,33.64769646,48.41490082,7.066087261,100.4673278,pigeonpeas
32.0,18.0,13.0,13.8377282,91.74780462,6.044167236,107.9873218,orange
120.0,20.0,45.0,25.66576039,88.6984228,6.114128685,54.22722466,watermelon
4.0,44.0,19.0,27.95639663,83.52706038,6.921993877999999,43.25726752,mungbean
1.0,76.0,19.0,24.18553163,46.68746847,6.6695294160000005,177.3377996,pigeonpeas
5.0,8.0,5.0,11.03367937,92.22706805,6.562594972,112.7715925,orange
66.0,53.0,41.0,25.0756354,80.52389148,7.778915154,257.0038865,rice
108.0,89.0,53.0,29.55054817,78.06762846,5.808497603999999,99.34482238,banana
37.0,24.0,13.0,19.14381903,90.71037456,7.8546243,108.0230792,orange
16.0,77.0,22.0,31.48469278,35.6395615,6.574209678,100.546816,pigeonpeas
44.0,56.0,49.0,39.23342464,91.25589286,6.519779582999999,64.4478499,papaya
40.0,68.0,17.0,34.1262979,65.14877461,7.733149554,70.40795007,blackgram
77.0,36.0,37.0,26.88444878,81.46033732,6.136131869,194.5766559,rice
20.0,69.0,15.0,23.44260668,22.77255917,5.934136378,107.4137246,kidneybeans
52.0,51.0,53.0,38.38231475,93.10378595,6.985804083,210.2735346,papaya
85.0,37.0,39.0,24.52783742,82.73685569,6.364134967999999,224.67572310000003,rice
101.0,10.0,47.0,25.5421695,83.31883376,6.936997681,57.57343233,watermelon
114.0,20.0,26.0,25.55656667,62.67087838,7.27905689,193.5866233,coffee
30.0,44.0,16.0,29.73013036,82.89166381,6.442335592999999,50.91511275,mungbean
98.8394426575553,56.4821515338066,133.28725491495908,18.5927988140772,76.30459723907833,5.592128440661227,99.81319559040344,potato
110.0,78.0,50.0,25.93730186,78.89864446,5.915568968,98.21747528,banana
17.0,73.0,18.0,19.50112224,34.51086611,5.632353113,197.3752649,pigeonpeas
104.0,20.0,26.0,27.22783677,52.95261751,7.493191968,175.7260273,coffee
30.0,20.0,38.0,22.59890174,93.16343942,7.058222596,110.0932899,pomegranate
86.0,36.0,24.0,26.54986394,72.89187265,5.787268394,73.33636055,maize
22.0,72.0,85.0,18.86805647,15.65809214,6.391173589,88.51048983,chickpea
25.0,21.0,11.0,32.23797837,90.15406807,6.460044777999999,104.7052254,orange
102.21803348433849,63.77132445109123,136.85129828730675,21.518187057778093,88.51461483206586,5.925705702809814,94.70164806483056,potato
26.0,65.0,22.0,17.84806561,18.77621951,5.9499490810000015,143.09841709999995,kidneybeans
28.0,74.0,81.0,18.01272266,18.30968112,8.753795334,81.98568791,chickpea
55.0,66.0,22.0,30.91219459,68.79427388,7.747775262999999,66.63830637,blackgram
67.89867613271281,42.08605890123002,34.06461093237999,22.68244511941503,55.30590395968023,6.290968454471128,42.94140569119659,mustard
58.47968771998804,29.64515962725642,29.217446442736335,18.485347948102767,57.97684378085491,6.703742832631459,53.745170741325225,mustard
96.0,41.0,40.0,23.58419277,72.00460848,6.090060478,190.4242157,jute
18.0,125.0,204.0,22.35548159,94.47811755,6.046673619,116.7366261,apple
80.0,45.0,42.0,23.1426498,74.99739774,7.380396262,151.9035477,jute
116.0,25.0,50.0,29.26092798,92.92367701,6.088885814,28.70627683,muskmelon
69.12119230817014,33.57367792210571,41.676130249939554,16.905843944181754,57.043070045394536,6.21549559873274,38.68422270834669,mustard
39.0,57.0,19.0,29.32379604,45.93248374,6.421748487,165.4113371,pigeonpeas
119.0,9.0,50.0,26.74550678,83.9195902,6.251286661,40.794305,watermelon
32.0,68.0,52.0,32.68067385,92.61715632,6.800321319,248.8592986,papaya
102.0,14.0,52.0,26.79489868,89.64815231,6.51075991,57.74091817,watermelon
99.0,70.0,46.0,26.59580783,82.99556744,5.727469947,100.5123341,banana
65.74548580566348,46.04508213902153,40.094612664458865,19.16480692255015,45.95289251739268,6.356152109780227,40.14694164632132,mustard
16.0,56.0,17.0,33.80020039,40.03262418,7.445444882999999,176.6165894,pigeonpeas
52.78358756513992,38.85457724963621,29.011636236113524,20.442052180348494,62.74547728426289,6.685913433789841,55.90980425185967,mustard
115.0,9.0,52.0,29.06785065,90.97685539,6.019372459,29.1194739,muskmelon
99.15801146249623,64.72523864553847,126.68553739255503,17.22287356253789,78.30031259414731,5.468990018147838,90.3840497887892,potato
93.0,83.0,46.0,29.38254012,83.50423735,5.765308943,109.2486647,banana
97.0,29.0,27.0,27.74576987,54.36976075,7.205078785,139.8619431,coffee
34.0,65.0,48.0,41.41968393,90.03863107,6.665024507999999,199.3096432,papaya
28.0,67.0,21.0,21.79792649,63.73086065,6.250994222999999,46.62370222,lentil
28.0,59.0,22.0,30.90607799,52.79913039,7.05181629,170.99198280000005,pigeonpeas
38.0,135.0,203.0,23.76121837,93.661643,5.9655513110000005,100.825956,apple
86.0,40.0,33.0,26.1387869,52.26311691,7.432322234,136.3027766,coffee
38.0,77.0,22.0,28.234829,69.3159965,6.313284267999999,35.36831423,lentil
120.0,8.0,46.0,29.55657523,90.70937262,6.732834334,28.36535596,muskmelon
15.0,11.0,38.0,23.12808226,92.68328358,6.630646082999999,109.3930157,pomegranate
91.0,35.0,38.0,24.8972823,80.52586088,6.13428721,183.6793207,rice
58.47177789919865,38.51784579552402,28.399074602169833,16.683819679222292,48.18874852591749,6.93674669664403,46.235476959555825,mustard
108.0,35.0,25.0,23.98143338,61.10935084,6.971963169,161.5279095,coffee
30.0,65.0,82.0,20.71424384,15.27824066,7.103798069,76.77888672,chickpea
70.98278779741224,34.11300681316191,34.708085890577294,18.08335853054163,64.78855105934902,6.719561211286488,34.57955587756897,mustard
41.4764104255763,35.42360904651717,21.92412191851951,26.014020229351395,64.12312156859335,6.2833215388804255,56.334002586630774,millet
14.0,41.0,17.0,29.12939524,88.48312598,7.085982325,36.45012824,mungbean
85.0,95.0,47.0,25.94019018,78.3422098,6.211833161,119.84797,banana
91.0,21.0,26.0,26.33377983,57.36469955,7.261313694,191.6549412,coffee
26.0,72.0,22.0,28.76794904,37.57792132,4.674941549,91.72084869,pigeonpeas
68.0,52.0,49.0,24.42561272,92.27749066,6.577192175,63.35298768,papaya
14.0,67.0,15.0,19.56376468,24.67385131,5.690065688,139.2921004,kidneybeans
62.0,59.0,41.0,24.2248758,74.89465426,7.175170657000001,192.4931257,jute
10.0,59.0,22.0,28.60901145,86.99495766,7.1556850160000005,36.94616965,mungbean
73.0,57.0,41.0,21.44653958,84.94375962,5.824709117,272.2017204,rice
39.0,73.0,24.0,25.65842532,61.18235808,7.22405917,69.28607828,blackgram
11.0,143.0,197.0,22.98458907,93.3204487,5.875718516,122.1952483,apple
89.0,83.0,47.0,28.09577643,77.79586769,5.63127166,109.5408614,banana
95.36181436223178,58.7906633672943,34.33864427504975,17.134024083239584,51.71806142064501,6.626976724872152,64.71049895467996,wheat
87.41173715166042,69.92619608915805,50.13528919349298,17.944460592022832,59.14375712036354,6.604957510371002,65.16715150295535,wheat
40.1701726138885,37.36159934330585,45.53738185211168,27.003138277701424,68.41755489497348,5.979442510564605,71.86228820630775,millet
119.0,90.0,48.0,28.66725136,79.59242542,5.986442306,118.2583441,banana
27.0,56.0,22.0,19.91853092,20.70099804,5.833010957999999,108.6434544,kidneybeans
2.0,38.0,18.0,27.53632932,89.92908171,6.619891497999999,45.48591922,mungbean
34.78914484966537,32.81264553645014,32.569842583245894,24.715106948204355,56.77859887259233,5.852155865582547,83.45236800789365,millet
35.0,69.0,23.0,16.78791503,24.96881755,5.578410206,75.45328039,kidneybeans
90.0,44.0,38.0,23.83509503,83.88387074,7.473134377,241.20135130000003,rice
5.0,24.0,40.0,24.692258,93.87030088,6.297907578999999,104.6735454,pomegranate
100.0,24.0,28.0,25.59535262,57.72920846,7.101661011,195.7733251,coffee
80.0,71.0,47.0,27.50527651,80.79783998,6.156373499,105.0776992,banana
66.0,47.0,36.0,24.85441411,74.44070479999998,6.57256106,175.572958,jute
51.0,72.0,75.0,18.88852533,14.99451145,7.1042247970000005,80.11133840000002,chickpea
28.653074136535746,31.05864933166335,27.21229621620964,23.07237276885041,58.52317184062683,6.290038314739199,63.90231762823227,millet
101.0,75.0,50.0,26.59386409,81.40740301,6.242528277999999,109.9825551,banana
83.12006683782133,55.752024359985455,133.65009173984038,22.140274062442355,69.91823191009003,5.333231306138912,87.3028151772878,potato
4.0,41.0,20.0,28.14720892,83.8001509,6.647965508,37.44800463,mungbean
47.0,63.0,16.0,27.44003279,67.10464369,6.661870999,72.50669768,blackgram
95.0,16.0,46.0,27.076726500000003,90.14362622,6.74669542,24.4514648,muskmelon
58.0,73.0,16.0,33.36984395,65.67718163,6.874142175,64.89517488,blackgram
14.0,5.0,36.0,24.92639065,85.19098079,5.832525853,104.7693804,pomegranate
95.63665345343372,60.6582719142034,123.30349578174207,17.03895807541704,76.2065942802898,5.549395884022073,82.6858535740886,potato
13.0,60.0,25.0,17.13692774,20.59541693,5.68597166,128.256862,kidneybeans
85.0,25.0,47.0,26.11440416,87.64081095,6.29542477,58.48160844,watermelon
16.0,8.0,9.0,24.60297538,91.28408653,7.601189842999999,111.2948115,orange
6.0,77.0,25.0,20.61162204,24.36314135,5.792744849,69.63833855,kidneybeans
67.0,43.0,38.0,25.21622704,70.88259632,7.299304715,195.8645552,jute
5.0,55.0,18.0,33.50876355,45.70976142,7.322097972000001,126.6738117,pigeonpeas
77.0,52.0,17.0,24.86374934,65.7420046,5.714799723,75.82270467,maize
35.35581240156222,34.4210633825546,37.781967279366654,23.261812535610154,75.43472194302522,6.222241786401379,73.18434819279554,millet
61.4779246311658,33.10723578904806,27.04371388350777,23.633151658302587,62.97487018772647,6.030559168591384,42.58502554129221,mustard
83.09846444363728,56.30179769035966,149.17677793910948,16.059189666883277,74.16246223106896,5.962989408710916,80.93105808608587,potato
83.0,45.0,21.0,18.83344471,58.75082029,5.716222912,79.75328959999999,maize
40.0,18.0,43.0,19.38603815,86.79058496,5.767372539,109.91309840000002,pomegranate
7.0,56.0,18.0,18.31357543,24.32991649,5.698371311,76.14153904,kidneybeans
86.0,76.0,54.0,29.3159075,80.11585705,5.926824754,90.10978128,banana
103.0,33.0,25.0,27.10210397,55.74973320000001,6.911066044,139.5013171,coffee
63.0,44.0,41.0,24.17298839,83.7287574,5.583370042,257.0343554,rice
35.0,80.0,25.0,28.09269012,44.93322042,4.895927306,197.1144011,pigeonpeas
4.0,23.0,5.0,22.67594476,93.36348717,7.477935216,110.3332655,orange
52.0,65.0,20.0,32.81705216,66.15665137,6.814301033,68.83924882,blackgram
37.0,72.0,18.0,18.87614998,24.54038287,5.724242065,105.4120514,kidneybeans
71.0,60.0,22.0,26.07470121,59.37147589,6.2048017,85.75692395,maize
35.48601921074089,32.619358824946005,35.227783784743465,23.51960161330008,61.50891287578745,6.475565348589857,77.46648572852082,millet
22.0,70.0,19.0,18.23775702,21.07643273,5.515615023,69.44951585,kidneybeans
44.0,59.0,78.0,20.67526473,19.85388984,7.599033472,84.78344008,chickpea
88.28952096427201,54.90090298154786,111.22690863714334,19.482090558848217,71.16622951386299,5.201879307228563,96.49755273845746,potato
31.0,40.0,22.0,29.40889385,86.16063492,6.365513634,53.35486977,mungbean
70.0,50.0,53.0,37.4620912,90.44967809,6.933809742999999,172.3458448,papaya
91.0,25.0,26.0,24.53460016,66.99765375,7.482414225,180.5059257,coffee
101.0,70.0,48.0,25.36059237,75.03193255,6.012696655,116.5531455,banana
92.47639530654679,65.26835418138265,129.39763074033485,16.596896396064327,78.56852604999172,5.5793410172230695,84.68061298570187,potato
98.0,8.0,51.0,26.1793464,86.52258079,6.25933595,49.43050977,watermelon
109.0,12.0,48.0,29.45771748,92.12534736,6.708743843,20.76212031,muskmelon
99.0,5.0,47.0,24.13078816,84.84494575,6.649086972,51.19470197,watermelon
53.51313991031729,29.328474495960897,31.785191221686212,18.091784739553546,47.033476841678166,6.7544522638,44.66387435296287,mustard
59.845916962124846,44.46515182899962,37.746637196911315,19.426523139829932,57.93985332379444,6.525147988378809,34.410924129433994,mustard
105.67116978895652,61.87371786029217,122.46918663471084,22.721960289870097,80.78452300973015,6.2917350416332205,85.95496834658353,potato
34.0,35.0,21.0,28.44524991,82.67639542,6.684381357,58.18713162,mungbean
71.30079633013304,74.70593689988229,45.21113001044638,20.440528908001916,70.22141457518808,6.436974535183361,51.49413143241948,wheat
90.32320368092314,48.970110685140085,41.04592461828873,15.6809706484336,55.39345407484256,6.659394606383477,78.09808222306954,wheat
101.4561632402206,51.42788038346383,38.3350219971418,15.304755985954927,59.93621886946706,6.828626494887756,60.66840601017104,wheat
59.0,62.0,49.0,43.36051537,93.35191636,6.941496806,114.778071,papaya
82.0,35.0,35.0,25.49386782,86.97061481,7.299076163,176.5268267,jute
86.0,15.0,47.0,24.04355803,84.18406764,6.423898762,53.78929956,watermelon
92.0,7.0,45.0,26.70607759,81.14149505,6.944640222,51.51033554,watermelon
84.0,37.0,42.0,25.49674786,81.13449097,6.691074249,169.92882340000003,jute
0.0,36.0,26.0,34.13072188,51.25786185,5.101206389,96.38808001,mango
58.0,51.0,47.0,42.13473976,91.70445386,6.757470637000001,197.402901,papaya
98.0,22.0,47.0,29.07265321,91.91533173,6.341400922,28.83568362,muskmelon
10.0,79.0,20.0,24.98287462,66.895409,6.379881442,38.21370568,lentil
34.0,66.0,17.0,18.81097271,21.27833035,5.889614577000001,125.084915,kidneybeans
117.0,25.0,53.0,29.11858526,92.12543021,6.413927319,24.52020164,muskmelon
88.25952666861961,52.650784428126414,158.21735604160887,12.994247778367232,77.53152452541171,5.389059106126276,104.62514222036779,potato
23.0,30.0,44.0,20.93892916,85.42912869,6.12476108,103.0295938,pomegranate
33.0,31.0,34.0,31.32995611,50.22287593,5.421265282999999,89.78216168,mango
24.0,44.0,17.0,29.8596912,80.03499648,6.666380512000001,50.66487502,mungbean
49.0,61.0,45.0,32.76795887,94.57377401,6.764213299,240.4795923,papaya
46.02673296883626,35.4815077573995,31.010765857617685,23.587654456116926,76.13972240051463,5.145730314408522,64.28534951746408,millet
4.0,18.0,37.0,22.91843172,85.40695044,7.13147457,106.2817706,pomegranate
57.89687336633386,38.912654960691384,45.04695460008522,19.891307625465345,52.491762510620816,6.9231377435610515,59.816634024625984,mustard
63.0,37.0,43.0,23.41798979,85.08640476,6.661957897000001,185.7446728,jute
36.0,7.0,37.0,19.8671184,86.35590206,5.782435567,108.3168858,pomegranate
19.0,72.0,15.0,28.83600962,69.76112921,6.890760124,44.08562546,lentil
22.0,38.0,31.0,31.53356352,53.06009323,5.8211060360000015,98.57025046,mango
10.0,55.0,23.0,21.18853178,19.63438599,5.728233081,137.1948633,kidneybeans
112.0,73.0,48.0,29.244063800000006,77.32017166,5.7074889870000005,90.66727868,banana
40.117505557833574,21.86050917225957,24.465538893008983,24.58382236571173,71.23728425815472,6.07789447788751,72.36778848886715,millet
111.0,29.0,31.0,26.05968403,52.31098539,6.136286518,161.3432535,coffee
25.0,27.0,41.0,19.20090378,94.27659596,6.9235093710000015,108.0423555,pomegranate
92.47364434623195,60.71200395273674,24.383297603819983,18.451181359428624,48.621970323218605,6.899288234520134,73.55598116206866,wheat
32.0,57.0,18.0,15.53834801,23.75560241,5.695422862999999,107.3850593,kidneybeans
27.0,63.0,19.0,20.93409877,21.1893007,5.562201934,133.1914419,kidneybeans
25.0,59.0,19.0,29.06631494,83.6869203,6.626629798,43.95183726,mungbean
83.0,38.0,35.0,25.70822684,52.88667115,7.18915558,136.73250919999998,coffee
39.0,76.0,76.0,19.96837462,15.57324389,8.135900726000001,69.15759062,chickpea
2.0,123.0,205.0,22.36629253,90.78572467,5.739652177000001,124.9831618,apple
105.0,30.0,50.0,25.29954705,81.77527562,6.37620108,57.04147057,watermelon
81.0,6.0,55.0,24.88910524,85.87059083,6.110142735,51.70699144,watermelon
60.0,44.0,23.0,24.7947077,70.04556743,5.722579819,76.72860067,maize
0.0,21.0,32.0,35.89855625,54.25964196,6.430139436,92.19721736,mango
60.0,55.0,44.0,23.00445915,82.3207629,7.840207144,263.9642476,rice
22.0,37.0,20.0,27.62749466,86.49366929,6.605733067999999,39.26137642,mungbean
39.0,70.0,52.0,26.26559543,90.79668055,6.65149129,59.49373381,papaya
7.0,79.0,23.0,19.6365349,19.68751084,5.821649914,96.65888933,kidneybeans
15.0,6.0,41.0,19.0087067,88.83768149,6.8973684770000006,108.6793978,pomegranate
29.0,75.0,75.0,19.62416326,18.71483156,7.064790365,88.4585692,chickpea
27.0,69.0,22.0,17.91652287,24.90814655,5.932323085,69.14681022,kidneybeans
93.52288383628766,56.638505463233145,153.4828604385151,19.84055391819125,74.61516992044204,6.089163735038473,75.48366308590671,potato
39.0,60.0,15.0,35.09357419,30.98685456,5.004074623999999,116.9106908,pigeonpeas
34.0,71.0,79.0,17.927806,15.85622899,7.728998197,74.63872762,chickpea
35.0,66.0,81.0,19.37101121,15.77458129,6.138243973,85.24819851,chickpea
5.0,25.0,6.0,30.72119881,94.01331956,6.0113021810000005,106.8118019,orange
94.0,5.0,55.0,28.5854649,91.89216849,6.085682343999999,26.88372572,muskmelon
18.0,27.0,41.0,22.36509395,92.30882391,7.175344328,104.8216333,pomegranate
63.0,50.0,52.0,28.64555584,93.22642604,6.751747609,115.8163936,papaya
30.0,64.0,20.0,33.8642935,61.57072498,6.573531614,68.02199825,blackgram
40.0,62.0,19.0,27.32198928,34.13737127,4.697750704,96.51524028,pigeonpeas
30.0,70.0,79.0,20.26942271,19.96978871,7.313122235,69.64449182,chickpea
81.15730336131452,74.3564629081423,101.65688903581703,16.51873025051606,73.31594953879936,5.842515074091971,87.48811587417761,potato
43.0,79.0,79.0,19.40751744,18.98030507,7.8067476560000015,80.25064637,chickpea
16.0,80.0,20.0,31.24021696,56.67369054,7.3393209289999986,122.0146733,pigeonpeas
114.0,8.0,52.0,29.34081108,94.5513539,6.419083092,28.22908103,muskmelon
35.0,66.0,47.0,31.7018373,91.66232213,6.953439161,48.83810592,papaya
28.0,58.0,24.0,19.72702528,18.28173015,5.748190462999999,143.7630894,kidneybeans
9.0,56.0,17.0,26.13708256,66.7729209,6.261937875,46.48280681,lentil
12.0,67.0,23.0,25.62896213,63.14909763,6.585020302999999,45.49683991,lentil
24.0,70.0,21.0,19.14729038,45.3733757,5.517208078,132.7748215,pigeonpeas
57.16767431247181,32.73296842431532,40.34229898111872,20.563269805102355,51.66106549115933,7.0099872123729146,64.87061111699441,mustard
19.0,17.0,39.0,24.72485577,85.56083187,6.728599215,111.2787584,pomegranate
97.79219996376786,71.62707581694161,107.15219642824337,19.308971009022095,68.12192764188788,5.761053790079972,66.29440120375355,potato
63.0,41.0,45.0,25.29781791,86.88705350000002,7.121933578999999,196.6249511,jute
104.0,80.0,54.0,27.09062164,81.33506906,5.879119455,110.1331182,banana
90.0,48.0,45.0,24.06475727,71.31342851,6.509174788999999,153.63902119999997,jute
44.0,64.0,54.0,29.80744318,91.38048469,6.74274935,232.7046126,papaya
13.0,57.0,25.0,28.30041493,86.20681554,6.86308576,50.47333854,mungbean
48.60834278039884,44.70034305569557,33.61759571476539,19.032173375526213,44.44602244320986,6.640780276942558,37.30003933802543,mustard
40.0,30.0,35.0,20.89273273,91.07776977,6.269663962999999,104.4407083,pomegranate
60.0,57.0,24.0,18.66116213,61.55327249,6.1212940410000005,75.03247667,maize
99.0,39.0,18.0,19.20129357,68.30578978,6.11275104,87.85092352,maize
110.0,71.0,54.0,28.67208915,82.20793613,5.725418961,94.37987496,banana
15.0,14.0,8.0,10.01081312,90.22399223,6.22094286,119.3941064,orange
78.0,37.0,22.0,25.34217103,63.31801994,6.330554389,74.52082026,maize
20.0,62.0,18.0,29.36358721,64.98742947,7.366542647,61.91208707,blackgram
28.62551466606525,34.17832468474029,30.736021895968772,26.017721103608196,67.13701320809187,5.3716495391726005,70.01446570434669,millet
66.0,44.0,20.0,19.0781471,69.02298571,6.740000687999999,80.72515943,maize
39.0,17.0,45.0,18.09691127,90.42177379,6.9244907310000015,104.88188999999998,pomegranate
27.0,73.0,79.0,19.16288268,15.83500655,7.354973451,82.69766829,chickpea
51.0,56.0,18.0,28.12787838,64.2097765,6.706505915,70.86340755,blackgram
84.1343360656615,58.788739445081454,34.78719721915346,15.968514865463664,65.7403380463677,6.3155935200950175,59.87742716063096,wheat
107.69901149670034,42.88122220251309,35.01840384143525,16.26928903301279,67.0531180555956,6.457566469636453,70.33115973783248,wheat
112.64370155929407,69.51213224886041,151.6564690610989,18.782021297471722,67.06146123955502,5.912216970954272,99.10986192363177,potato
5.0,59.0,15.0,18.87492997,20.18238348,5.97229163,134.1811718,kidneybeans
31.0,78.0,76.0,17.57212145,14.99927489,8.519975748,89.31050665,chickpea
29.0,45.0,16.0,28.43683487,87.91332682,6.583381939,43.12063289,mungbean
63.50780591047782,35.892221045439975,33.236198314014906,21.411514814734,58.789056614491635,6.588972663542228,57.30874513154735,mustard
28.0,70.0,21.0,25.39038396,60.4989659,7.437373666,39.18374505,lentil
93.4609709582926,71.57582307482986,133.74075525566133,24.225782617875797,80.22040638413253,5.584477820329241,106.68249058820776,potato
75.0,56.0,18.0,19.39851734,62.35750641,5.696205468,60.95197486,maize
19.0,35.0,24.0,27.11030369,83.64274107,6.883308033,49.11964582,mungbean
9.0,25.0,41.0,24.81530144,91.90842992,5.972714857000001,109.2853418,pomegranate
1.0,62.0,23.0,15.43546065,18.37477907,5.607808432000001,139.0302034,kidneybeans
34.0,16.0,25.0,30.07202564,50.96040505,6.10729559,92.09609766,mango
2.0,129.0,201.0,22.78234161,94.36803516,5.682343744,122.1449949,apple
99.0,12.0,52.0,28.69708334,94.30759855,6.002927293,22.21807088,muskmelon
34.0,21.0,42.0,18.75927679,89.93457597,6.648687273999999,111.0196744,pomegranate
6.0,77.0,20.0,25.78746268,60.2816298,6.058306161,49.14337177,lentil
60.0,48.0,39.0,24.28209415,80.30025587,7.042299068999999,231.0863347,rice
108.0,89.0,53.0,29.12036889,80.18080728,5.908770059,112.3982055,banana
114.0,8.0,50.0,24.74631269,88.30866319,6.581587932000001,57.95826144,watermelon
101.01292307031886,66.22235448748879,45.49008152299611,15.545337950299583,58.00828681216741,6.534950496421661,87.5842939577004,wheat
99.52533815372014,58.66305535746517,156.96529790274283,18.235905570948272,74.88217320643992,6.075722944896331,73.83448452564365,potato
20.0,41.0,20.0,29.27308605,89.4875022,7.073048264,50.9246554,mungbean
22.0,55.0,20.0,33.95309131,69.96100028,7.423530351,61.16350463,blackgram
4.0,19.0,42.0,23.83185873,87.84034604,6.306605528,111.2232716,pomegranate
85.0,21.0,47.0,29.87331077,90.60932469,6.186770318,24.69720481,muskmelon
7.0,77.0,18.0,20.5591255,60.54880693,6.655918077999999,191.0895109,pigeonpeas
37.0,36.0,26.0,32.89300162,52.61323969,4.650536197,94.49161372,mango
83.0,57.0,19.0,25.73044432,70.74739256,6.877869005,98.73771338,maize
35.0,18.0,26.0,31.99490489,50.84881347,5.279388967,97.38741498,mango
13.0,5.0,8.0,23.85340379,90.10522549,7.474710503,103.923226,orange
98.0,26.0,49.0,27.29035669,90.53330091,6.130160472999999,23.49535234,muskmelon
24.0,21.0,42.0,20.82210727,87.22815682,6.999014379,109.4429934,pomegranate
10.0,141.0,201.0,22.12659387,90.97818277,6.386021424,104.5412275,apple
11.0,34.0,32.0,29.14305008,49.40983294,6.831706773,97.55155537,mango
31.0,62.0,52.0,33.7960155,93.00754254,6.99104104,182.026807,papaya
85.0,27.0,45.0,26.0713757,88.7285657,6.467095849,57.79652846,watermelon
21.0,51.0,15.0,29.36488409,89.1886954,6.679127482,48.30159325,mungbean
30.0,28.0,30.0,31.86641378,52.19331595,5.064613314,98.46768642,mango
89.0,40.0,43.0,26.24532085,72.97198375,7.124050134,189.9711184,jute
72.0,41.0,36.0,24.09874353,80.57226761,6.187746776,176.8604109,jute
56.0,50.0,52.0,33.08706051,92.25197542,6.770384816,88.1300769,papaya
52.858764608159944,26.803794962028533,32.541594393560764,20.79659123526242,65.86847764621218,6.187077268706173,63.89243649151001,millet
84.0,25.0,52.0,24.37190239,81.2514818,6.12532356,44.20899581,watermelon
82.0,40.0,40.0,23.83067496,84.81360127,6.271478837999999,298.5601175,rice
85.0,21.0,52.0,29.62800691,90.10051615,6.0751441160000015,23.69586761,muskmelon
57.0,57.0,75.0,17.09104223,18.25142068,7.785039076,87.27444866,chickpea
98.0,27.0,27.0,24.71384065,51.29142534,7.238109556,197.6439711,coffee
61.0,44.0,17.0,26.10018422,71.57476937,6.931756557999999,102.2662445,maize
20.0,7.0,9.0,29.47741671,91.57802915,7.1291369410000005,111.1727497,orange
99.0,15.0,27.0,27.0424167,57.27927475,6.501157208,165.6872119,coffee
31.62471213854448,34.67016645699982,28.90262135337096,25.051890297820677,80.20952548602406,6.278781761804295,61.89786070030742,millet
89.0,60.0,19.0,25.19192419,66.69029010000001,5.913664501,78.06639649,maize
40.0,65.0,49.0,35.32876402,91.06138506,6.678449317999999,163.9069365,papaya
20.0,60.0,22.0,29.65052947,42.89833235,6.876572502999999,186.9226052,pigeonpeas
56.5660446376107,36.41493883185015,40.34119046674872,20.063471051356025,48.59969148481883,6.727036603996095,40.43879172525812,mustard
38.0,51.0,52.0,32.66160599,90.78931681,6.927803911,78.85085502,papaya
93.09041843560318,45.104394312975344,36.20043751071235,13.655746975508027,62.93278596877479,7.030828850872216,32.63736028470114,wheat
27.0,24.0,41.0,24.32770134,90.88292835,6.610251186,110.4606459,pomegranate
89.0,25.0,54.0,24.69368934,85.56967628,6.353107392999999,48.99390828,watermelon
33.0,12.0,8.0,25.26052689,90.31153735,6.822282114,117.36952959999998,orange
42.47066410079171,29.399075541120283,33.47779903928145,16.0,59.83018152124958,5.290787012717248,79.90117917601162,millet
80.0684687978081,68.86962864466327,130.40328758491796,17.410950452745066,69.18993327081819,5.154132822114255,80.9589855558458,potato
90.0,59.0,35.0,24.25133493,89.86454053,7.098227926,175.1742112,jute
80.0,90.0,47.0,26.59743595,79.35898915,6.21084479,107.3944717,banana
3.0,69.0,23.0,28.67408774,63.18832976,7.299360767,42.96018627,lentil
79.0,42.0,37.0,24.87300744,82.84022551,6.587918707999999,295.6094492000001,rice
19.0,55.0,20.0,27.43329405,87.80507732,7.18530147,54.73367631,mungbean
9.0,8.0,15.0,14.34320488,94.35734702,7.994465371,110.22231229999998,orange
29.0,138.0,197.0,22.19055385,92.43764169,5.830892252000001,121.6622761,apple
8.0,23.0,38.0,19.30106297,87.1775172,7.005410734,105.4766591,pomegranate
29.0,72.0,24.0,23.17409556,36.67847052,6.962386495,162.5931264,pigeonpeas
84.0,29.0,49.0,29.94349168,93.90741192,6.251420275,20.39020503,muskmelon
34.0,59.0,23.0,28.56212158,83.24855855,6.935804256,56.48265193,mungbean
91.0,84.0,52.0,29.14827211,78.71024836,6.390741836,117.536781,banana
47.46072665498472,34.15863364357887,37.12607633076938,19.62734550160521,67.24128927055685,6.205234168038917,55.3514508890301,millet
27.0,138.0,201.0,23.66682067,93.90191078,5.952367662,105.4004751,apple
49.094607963257516,35.15040567015444,31.09985639355861,23.609080008672034,55.46418187846716,6.45965096467948,35.73301691152689,mustard
44.70862723536488,28.31203465729072,29.862791626206707,21.470260214051425,51.70006409571461,6.035832272502099,63.00689610866102,millet
40.0,49.0,47.0,42.93368602,91.1756748,6.501521192,246.36132680000003,papaya
46.88378790687796,31.93900628510869,26.13870100609523,23.941741182336802,72.62509307130595,5.813875817287979,75.71629323227464,millet
71.0,52.0,43.0,26.47549543,73.96164569,6.732826127,180.2513601,jute
104.0,17.0,46.0,25.7131428,80.22972777,6.190015912000001,43.08961827,watermelon
25.0,57.0,19.0,17.15432954,19.87070659,5.566522896,87.99669731,kidneybeans
30.0,137.0,200.0,22.91430043,90.70475565,5.603413172000001,118.6044645,apple
30.0,75.0,25.0,30.33276599,42.35249879,6.446091759,149.299952,pigeonpeas
112.34986764790773,59.72252090090575,136.60021675079997,16.550440613101877,73.53506018825611,5.55889762960908,91.78400948642533,potato
60.0,58.0,37.0,26.13871511,79.1188943,6.067302109,171.4892533,jute
30.0,127.0,204.0,22.50050273,92.45878335,6.126436584,100.9343903,apple
36.0,29.0,13.0,20.68185224,90.91510525,7.829507245,109.7513927,orange
108.1780083684715,61.17370949146658,139.61264291900514,12.005397946403678,78.31493972650289,5.712917636743405,78.34063153787218,potato
27.0,59.0,22.0,21.81167649,23.20591245,5.794158503999999,130.0608093,kidneybeans
36.0,65.0,80.0,18.2872007,16.67921616,6.051091339,74.87445574,chickpea
14.0,69.0,19.0,20.95628486,63.68128841,7.239455147,52.39881209,lentil
21.0,21.0,38.0,22.5526059,89.32594859999998,6.327673765,104.8955643,pomegranate
34.85185415695886,29.503915884943805,28.917120518456247,22.394015442138233,62.85175481675334,5.279576906338905,79.95369810318098,millet
117.0,82.0,45.0,25.29391516,79.29122198,5.614471478,105.4220251,banana
14.0,22.0,9.0,17.24944623,91.13772765,6.543191814,112.50905159999998,orange
93.04873460781306,39.64983027760767,44.56712408554534,17.34695639031834,65.69291902471112,6.908182730311935,72.8523878762487,wheat
40.0,24.0,25.0,28.70595247,50.44030129,5.445008416,95.8946444,mango
4.0,13.0,6.0,15.63211033,94.25966183,7.5611432239999985,101.4705704,orange
8.0,38.0,32.0,29.75150773,46.73723302,4.981816523,91.405983,mango
74.0,43.0,23.0,25.95263264,61.89082199,6.325235159,99.57981207,maize
21.0,9.0,40.0,24.51147697,90.64498715,5.956401828,105.6209954,pomegranate
80.0,18.0,51.0,28.05380704,91.81758779,6.706053225,20.76582087,muskmelon
71.91890750881666,40.62613562513928,41.582916270522176,20.65871803832765,58.46367860288557,6.264571427561689,42.033925409302014,mustard
42.0,67.0,77.0,18.99424448,15.9362937,7.114405288,78.69707199,chickpea
29.0,63.0,17.0,30.02629908,67.88811637,7.26154329,66.47264636,blackgram
5.0,15.0,38.0,18.26233221,88.16779129,5.709380472,108.0756727,pomegranate
37.0,71.0,16.0,26.28663931,68.51966729,7.324863481,46.13833007,lentil
27.0,21.0,30.0,35.3915464,52.48823147,5.061081874,91.22881052,mango
48.58005869847842,33.492586220811695,21.3703321300958,23.221359967248247,65.61481506367015,6.299164102447014,73.3285232554983,millet
119.0,25.0,51.0,26.47330219,80.92254421,6.283818329,53.65742581,watermelon
5.0,45.0,21.0,28.36291385,88.00989267,6.487124217000001,43.05130077,mungbean
9.0,48.0,20.0,29.66461594,84.28187572,6.377568542000001,56.09542002,mungbean
20.0,129.0,201.0,23.41044706,91.69913296,5.587905967,116.07779309999998,apple
13.0,61.0,22.0,19.44084326,63.27771461,7.728832424,46.83130119,lentil
75.0,41.0,35.0,24.97042599,78.62697699,6.856833064,166.6415254,jute
6.0,124.0,200.0,22.98208095,93.84505029,5.971332179,109.5852253,apple
70.0,68.0,45.0,33.83508569,92.85470152,6.991626158,203.4044028,papaya
58.0,55.0,47.0,26.05375792,93.69111672,6.7424900270000006,240.6863901,papaya
60.15318221932602,48.409591557678574,28.97625576751101,19.300599578760416,56.69026953823578,6.106334241970578,27.141335080658887,mustard
27.0,61.0,15.0,25.2653291,67.10004577,6.958054839,48.33941188,lentil
29.0,145.0,205.0,22.81227579,92.12992101,6.212302608,109.3383552,apple
100.35707367394895,53.46451463210211,138.58874172034237,19.03946542769398,83.18484257984306,5.8965093418588035,82.11726865234326,potato
73.0,45.0,21.0,24.60532218,73.58868502,6.636803222999999,96.59195302,maize
30.0,79.0,22.0,18.28766124,69.48515056,6.254216611,48.60449438,lentil
101.0,25.0,52.0,29.09910406,94.22237826,6.750145572,22.52497327,muskmelon
30.0,75.0,81.0,19.41789736,16.80472243,6.4084378860000015,68.4951189,chickpea
81.0,30.0,48.0,28.52379742,92.09688432,6.041027474,29.86681385,muskmelon
104.44180415596864,47.92914051039094,47.196799003466005,12.860596412727368,51.70203076538835,6.692050025882652,68.91359626690542,wheat
12.0,37.0,30.0,31.09779147,47.41196659,4.546466109,90.28624348,mango
32.0,66.0,17.0,34.9466155,65.26774011,7.162357641,70.1415139,blackgram
23.0,45.0,23.0,28.77653519,86.69133979,6.983130466,56.12443206,mungbean
101.80362113754254,67.1170463649875,132.79913684734538,16.548342497837034,74.65428721779848,5.88369824866714,86.33730354774399,potato
31.0,75.0,18.0,15.46789263,21.43780702,5.824208308999999,88.88796102,kidneybeans
111.79229180734617,52.01316767408967,140.6253467094903,13.60687535937054,67.63435310917805,5.633923527487601,86.37036376214246,potato
14.0,140.0,197.0,23.35225078,90.90054697,6.071255131,113.0381382,apple
95.51488974301199,66.62827261725853,35.19826498272964,18.550026017215057,62.49000123634829,7.108346077554787,86.02724532108347,wheat
110.0,25.0,54.0,28.91105641,90.78413842,6.425930938,23.44398467,muskmelon
65.0,62.0,51.0,31.53243779,90.87394933,6.5116248410000015,207.0735119,papaya
109.0,23.0,25.0,25.11711046,68.48030408,7.00733163,194.8773479,coffee
64.0,45.0,43.0,25.62980105,83.52842314,5.534878156,209.9001977,rice
2.0,140.0,197.0,22.69780133,92.82223419,5.53456749,105.0508234,apple
63.01127620878013,50.82608865872046,41.311685706337514,18.195656116656867,59.564903977756245,5.937034188187438,48.868085206892026,mustard
42.0,60.0,47.0,33.46873719,92.12746225,6.834808347999999,136.8277041,papaya
90.0,15.0,52.0,27.04927452,91.3821731,6.448061578,23.65747461,muskmelon
95.0,14.0,50.0,26.6333118,84.31756844,6.560443519,56.31866159,watermelon
115.85683339328374,44.436347095325786,34.77336613941031,13.777608676870335,52.480961709381155,6.718781845582803,64.34846160178625,wheat
20.0,7.0,45.0,18.90592319,89.24126808,6.077886012,112.4750941,pomegranate
50.0,74.0,17.0,27.10053268,63.36085585,6.5408208,73.84949872,blackgram
24.0,30.0,11.0,32.39523995,94.51768464,6.601395755,113.25373,orange
122.16841067112274,46.4328600155111,52.68813452916282,11.62831282707058,47.14842943793942,7.053112746442514,58.70575680464272,wheat
71.0,54.0,35.0,26.63952463,70.95705996,7.311077075,199.3355744,jute
17.0,16.0,14.0,16.39624284,92.18151927,6.625538653,102.944161,orange
77.0,55.0,43.0,25.49941707,75.99987588,6.663559451,193.71418280000003,jute
7.0,74.0,17.0,22.47253208,62.56532471,5.667419697000001,96.74706956,pigeonpeas
49.0,55.0,51.0,24.87212063,93.90560147,6.676578778,135.16945249999998,papaya
31.0,76.0,82.0,20.8248451,17.85057083,7.599279991,79.20509212,chickpea
17.0,74.0,17.0,26.03026959,69.55863145,7.393210848,37.11395801,lentil
39.501330729637516,52.598330734999095,31.650189476323817,20.97673980232036,53.16160295539845,6.637184121384572,39.07644044347946,mustard
12.0,63.0,17.0,18.358923,19.37703396,5.717143397,138.414764,kidneybeans
102.95291853803685,45.15308546852836,46.81946667836979,16.308826341588077,59.55561840882705,6.5692432521907405,49.459054735236606,wheat
57.0,58.0,77.0,18.72649425,17.58406365,7.978996755,81.20176515,chickpea
11.0,46.0,24.0,27.65280218,89.80650642,6.459252023,56.52558045,mungbean
13.0,47.0,20.0,29.21780035,87.93724219,6.54450214,43.1386631,mungbean
87.0,6.0,45.0,29.82729394,90.79007335,6.40077205,22.84203589,muskmelon
42.0,62.0,75.0,18.17912258,18.90426935,7.010570541,81.84997529,chickpea
80.0,52.0,39.0,26.41915161,76.85691248,7.165696848,197.2101782,jute
8.0,28.0,38.0,23.22594,94.42971362,6.8444019,105.6917856,pomegranate
4.0,80.0,16.0,29.19585548,68.01965728,7.441976825,44.93261911,lentil
26.0,37.0,30.0,35.39986338,49.45962621,6.166173833999999,97.41054011,mango
73.554397669559,57.375877385865486,43.23985368768764,17.35965854486446,51.52629182488839,6.5584059253136715,73.35447637776102,wheat
75.0,56.0,44.0,25.2746335,73.7459581,6.109478059,168.0432282,jute
71.0,46.0,40.0,20.2801937,82.1235421,7.236705436,191.9535738,rice
25.0,65.0,21.0,33.86351172,68.59232289,6.880245789,69.24464096,blackgram
60.703823438653835,57.213526394640155,32.14793079161639,24.45954737253467,73.15974170801027,7.131762232473395,48.109859663386146,wheat
83.0,11.0,53.0,29.54097171,92.91778307,6.163921247999999,21.9653077,muskmelon
22.0,54.0,20.0,28.56149805,83.63802195,6.689825155,41.013132,mungbean
98.91984817629499,61.57648127995592,53.05929043145308,18.67227744543125,64.9133336003474,5.984750185928858,61.940273390949734,wheat
37.0,74.0,15.0,24.92360104,18.22590825,5.582178402,62.7089169,kidneybeans
107.45071229516849,43.677034063596686,42.86229888278626,15.513014967233783,47.24457872964506,7.170471019012656,74.08386339974422,wheat
9.0,57.0,24.0,29.89232778,89.71503316,7.165121108999998,42.99498978,mungbean
23.0,23.0,30.0,32.82141065,47.45553843,4.755273631000001,90.89173106,mango
74.0,40.0,40.0,25.13842773,83.12053888,6.386259977999999,169.33884650000005,jute
34.0,140.0,198.0,21.70416965,93.44006288,5.751707342,115.1781396,apple
60.327353403165766,45.293998373940454,36.380424555148416,17.193637984388964,59.39107068253892,6.439552539815745,49.99864123740372,mustard
10.0,78.0,18.0,18.54141834,62.70637578,6.296976913,44.07819743,lentil
29.0,25.0,14.0,30.49183837,90.4582865,7.781988584,113.3302105,orange
51.98250035374822,37.28745800300152,37.98645853454836,17.70624294746434,52.960353651570415,6.498043605431163,31.006938251980586,mustard
7.0,20.0,12.0,16.53460397,94.76759975,6.475275337,110.0447896,orange
70.0,65.0,52.0,30.42012134,93.12659793,6.583528529,75.95295,papaya
26.0,35.0,31.0,33.44619894,53.05980465,5.339556562,98.05089394,mango
66.0,53.0,19.0,23.09348056,60.11593810000001,6.033550195,65.49730729,maize
37.0,23.0,12.0,31.52675982,90.50621806,6.395258356,113.1169398,orange
2.0,72.0,18.0,26.57597546,60.97876599,7.836719564,50.89110726,lentil
32.0,55.0,52.0,37.58899717,91.99740365,6.967759599999999,159.6577388,papaya
24.0,61.0,17.0,22.6371424,65.44544859,6.233269045,38.30411077,lentil
28.0,45.0,23.0,29.65021184,80.29868321,6.489259136,56.76278363,mungbean
31.0,137.0,196.0,22.14464104,93.82567435,6.400321212000001,120.6310784,apple
28.0,23.0,28.0,30.01821337,50.09831810000001,5.676032581,96.08745082,mango
29.0,139.0,205.0,23.64142354,93.74461474,6.155939452999999,116.6912176,apple
28.0,46.0,16.0,29.008124,84.96089355,6.664187809,45.91011391,mungbean
72.0,45.0,35.0,25.42977518,82.94682591,5.758506323,195.3574542,rice
114.63317690683539,60.25242886907064,46.19707242743469,15.518307169343032,50.416976859289214,6.6316062076718945,63.267675056912694,wheat
106.0,14.0,45.0,24.47018505,84.16390229,6.417011754,57.26773002,watermelon
113.0,6.0,52.0,27.76317235,90.35567642,6.740983646,25.21609113,muskmelon
86.0,95.0,49.0,28.05484146,78.04602887,6.458714879,108.3957179,banana
32.0,79.0,15.0,23.90910104,20.74619325,5.706198621,81.60211243,kidneybeans
85.0,9.0,53.0,28.20619412,92.86798698,6.447662945,28.78654515,muskmelon
44.29322202021829,26.6928857020288,38.24925851488911,25.46756139044299,64.51471348948303,5.866472204097596,68.26577595141379,millet
67.0,58.0,39.0,25.2827223,80.54372813,5.453592032,220.1156708,rice
106.71748537517247,65.45513191701049,129.94596191364147,19.14580635669466,69.06223118057798,5.564203161847615,98.90514446411169,potato
21.0,80.0,20.0,28.20667264,68.27085245,7.350869792,64.32887142,blackgram
21.0,63.0,17.0,25.08966129,68.17543102,6.559681838,41.45486619,lentil
16.0,75.0,21.0,18.50692825,23.61670065,5.679224346,87.05132890000002,kidneybeans
69.0,55.0,38.0,22.70883798,82.63941394,5.70080568,271.3248604,rice
119.0,5.0,55.0,29.68846716,94.30111601,6.168757984,26.83924845,muskmelon
56.0,65.0,45.0,38.2016825,93.97379963,6.751298936,218.09088140000003,papaya
105.0,77.0,52.0,29.16226551,76.16151562,5.816622478999999,100.0075679,banana
20.0,74.0,16.0,36.04353699,43.61444121,4.759490199,159.8938645,pigeonpeas
68.0,40.0,19.0,26.14384005,66.20569924,6.655426355,107.2361366,maize
76.0,48.0,18.0,19.29563411,69.63481219,5.77597783,83.21030571,maize
50.0,59.0,47.0,40.76998685,92.09278584,6.747975732,209.8678411,papaya
24.0,73.0,20.0,19.63736208,32.31528909,4.608695247,176.4134092,pigeonpeas
91.83425913212226,59.69485675040216,36.22454507368453,14.981947855500895,65.16300759668118,6.494696337382993,84.11823951967276,wheat
23.0,55.0,16.0,21.01142393,69.69141302,5.111488821,185.2039114,pigeonpeas
120.0,40.0,33.0,24.23850608,54.30329632,6.73410539,115.1564012,coffee
100.0,40.0,35.0,27.56441788,54.41094079,6.9557873510000015,177.816092,coffee
37.0,55.0,82.0,19.45591848,18.02235902,8.423873703,78.44910564,chickpea
77.0,48.0,36.0,25.86705009,84.09985284,7.36008498,154.83908469999997,jute
84.0,50.0,44.0,25.48591986,81.40633547,5.9353444060000005,182.6549356,rice
90.0,40.0,39.0,25.72668885,81.86171563,6.626503893,191.9649389,jute
8.0,26.0,36.0,18.78359608,87.4024767,6.804781106,102.5184759,pomegranate
109.0,10.0,53.0,26.81938687,87.8274604,6.5517503060000015,46.06193778,watermelon
39.0,37.0,25.0,33.33024826,45.61143594,6.953246506,98.28583013,mango
9.0,21.0,32.0,32.26935342,53.56092806,5.870116071,95.94035356,mango
42.148738230906055,33.784870107328665,25.489253699428893,24.571499039337198,59.24677344606064,5.751660960699554,45.95365162711896,millet
99.0,6.0,46.0,28.61475136,94.22253035,6.39637861,28.98574189,muskmelon
116.0,40.0,33.0,24.91370487,54.15319242,7.042089492000001,129.5481144,coffee
54.0,67.0,52.0,35.67667332,93.30641944,6.586107335,141.3381168,papaya
120.0,16.0,51.0,27.99901833,91.64193051,6.547041902999999,23.28618248,muskmelon
33.0,121.0,203.0,22.45696744,94.76285385,5.6059340870000005,114.8407725,apple
88.60721333401668,71.36403398391884,128.76773232411148,16.34908453846374,84.85209096081822,6.168300697741987,83.08187519127937,potato
24.0,80.0,22.0,16.71170642,19.17651433,5.635993966,96.77285817,kidneybeans
26.0,126.0,195.0,21.41363812,92.99124545,5.878568981,118.3979065,apple
2.0,67.0,18.0,34.51934775,47.52980027,5.921666758,129.0064612,pigeonpeas
8.0,25.0,36.0,19.91330523,94.95031368,6.828522375,104.0277061,pomegranate
31.0,26.0,9.0,11.69894639,93.25638873,7.566165721,103.2005992,orange
24.0,33.0,35.0,29.26382931,54.82257868,5.342866119,100.7586226,mango
21.0,23.0,42.0,19.54128063,90.29751796,6.902751061,104.3739878,pomegranate
47.0,46.0,52.0,23.19451074,91.40301608,6.502289472999999,206.3999208,papaya
34.0,60.0,23.0,20.12574053,24.96969858,5.659254981,100.0497183,kidneybeans
83.0,9.0,45.0,25.85483596,89.13163965,6.049609892,46.85176955,watermelon
81.0,49.0,20.0,18.04185513,60.61494304,5.513697923,104.2321615,maize
73.0,45.0,37.0,23.70467146,74.63745355,6.742688094,181.2783964,jute
112.0,28.0,54.0,24.86094646,85.05318563,6.738030547,55.29563514,watermelon
115.46499283743927,57.34457978638945,27.845040272367893,17.942951376291933,55.75793905302047,6.935041064830081,95.88031763899832,wheat
82.0,43.0,38.0,23.28617173,81.43321641,5.105588355,242.3170629,rice
99.0,57.0,38.0,24.80624984,82.09281674,6.356295567999999,156.3616174,jute
59.17396191880762,38.8652776553378,39.16087347148396,18.04058583603401,63.17106636343519,6.504685500184881,48.8632331781156,mustard
79.56899674914592,53.85761947916697,97.01791065069878,19.94158781910822,77.72120580908388,6.573912801296295,107.88871364219942,potato
6.0,63.0,23.0,26.01630259,49.94704718,5.906596905,160.33374469999995,pigeonpeas
30.0,61.0,18.0,27.14911056,67.02664337,6.157782589,52.50812701,lentil
34.0,10.0,14.0,34.05296914,92.05811721,6.725600855,116.8020848,orange
28.0,68.0,19.0,34.63880966,61.38597868,7.69950698,72.43169115,blackgram
73.14138362604771,42.834437667282266,53.65951133603217,23.35115262947587,48.39671576016836,6.444642392703245,55.450884740847535,mustard
95.0,52.0,36.0,26.22916897,83.83625819,5.543360237999999,286.5083725,rice
0.0,12.0,7.0,20.18432263,90.65458473,6.969249676,116.8130969,orange
80.0,18.0,31.0,24.02952505,58.84880599,7.303033217,134.6803969,coffee
118.0,21.0,34.0,24.38534644,64.72543073,7.234258375,119.6324109,coffee
55.0,78.0,21.0,33.39438752,62.93692886,6.602888248999999,63.57445989,blackgram
82.0,20.0,54.0,29.34033587,90.01506395,6.541150335,21.44532907,muskmelon
83.0,23.0,55.0,26.89750174,83.89241484,6.463271076,43.97193745,watermelon
44.0,63.0,15.0,26.42333018,64.51136845,7.338929556,63.46546487,blackgram
25.0,68.0,77.0,20.09340593,15.11279612,7.701446446,85.74904898,chickpea
92.0,44.0,16.0,18.87751445,65.76816093,6.082973754,94.76189431,maize
92.0,20.0,55.0,25.10474753,87.52676159999999,6.5877912620000005,59.26519444,watermelon
94.0,89.0,48.0,28.55980972,84.51602322,5.653437902,111.0843029,banana
89.46920359183972,56.71274995304163,35.285081944446304,14.039300378938073,60.61894646118095,6.991591930298557,52.027240068801234,wheat
110.0,7.0,45.0,26.63838589,84.69546874,6.189213927000001,48.32428609,watermelon
76.0,39.0,24.0,24.2547451,55.64709899,6.995843776,64.23845455,maize
115.05299346838036,70.17434386123158,28.55886897631494,18.037777202345385,66.06006168037844,6.396765475633038,83.04791586299226,wheat
33.0,37.0,19.0,27.92678579,86.5543196,7.183189922,43.4826194,mungbean
14.0,18.0,30.0,29.80747243,52.13797867,5.191265116,95.74606104,mango
105.15427434352692,59.17553252493518,54.12363392224877,15.844667336242692,55.88906466130645,6.948458349348523,62.22878563749586,wheat
77.0,38.0,36.0,21.8652524,80.1923008,5.953933276,224.55501690000003,rice
28.0,75.0,21.0,24.7741949,50.54621094,6.007508163,114.2821387,pigeonpeas
49.91868187861936,32.485639333521284,42.2716639123184,21.70513016428155,48.05365814498907,6.302649633844359,44.260524343916074,mustard
37.0,78.0,79.0,19.95264829,14.82633099,7.786366322,88.6810311,chickpea
123.4696548372101,57.729215798533154,40.0818644881567,20.87781247825562,70.9349941395562,6.712359788476454,60.5427096080505,wheat
34.0,56.0,17.0,33.4126864,35.42910045,4.548202098,139.6702541,pigeonpeas
99.0,16.0,30.0,23.52652084,65.44340921,6.392791654,186.1728203,coffee
16.0,29.0,13.0,32.31944397,93.67804556,6.196907944,117.6236473,orange
42.0,58.0,25.0,27.45853567,62.90020977,6.513620917999999,69.46020927,blackgram
92.0,35.0,40.0,22.17931888,80.33127223,6.3573893660000005,200.0882787,rice
50.55349747752924,48.517618027081824,28.449794743164112,21.43014360428536,58.36075592361473,6.921010991037557,55.11463035408356,mustard
12.0,66.0,20.0,27.41434987,63.41785982,7.336117221,44.43177543,lentil
116.0,81.0,55.0,26.42313317,83.69950440000002,5.915546415,95.12322062,banana
35.0,68.0,45.0,42.93605359,90.09448142,6.612429546,234.8466111,papaya
5.0,144.0,205.0,21.42177231,92.62665309,6.184922574,102.8045658,apple
27.0,62.0,77.0,18.19737048,14.71070537,6.576415562,70.18185181,chickpea
17.0,136.0,196.0,23.87192332,90.49939035,5.882155987999999,103.0548094,apple
7.0,28.0,35.0,30.02086169,46.78393776,4.66910839,96.63721027,mango
70.25315036003015,24.374716860237193,24.34258860261008,21.249212775757336,57.62256938274468,6.551551801938059,33.693846650624735,mustard
57.866781366124684,38.49076668373303,29.454601134390174,19.886471955169405,53.37615490083474,6.0393283630378685,32.038833357501055,mustard
21.0,63.0,17.0,15.77370214,19.2303162,5.979973965,108.3441414,kidneybeans
40.0,58.0,15.0,29.46416042,87.60890009,6.978400282000001,43.15411472,mungbean
9.0,139.0,199.0,23.25230817,94.54128292,5.867420996,105.3558408,apple
32.0,76.0,15.0,28.05153602,63.49802189,7.604110177000001,43.35795377,lentil
5.0,16.0,31.0,35.96054636,48.69677802,4.555688532,98.00644238,mango
121.05753018381237,56.17001102669218,141.1938034904083,19.905515405045907,68.67950662095807,5.601129724734715,89.89057204026956,potato
27.0,64.0,15.0,20.16080524,24.84207559,5.514927264,138.2362122,kidneybeans
74.0,58.0,18.0,20.03728219,56.35606753,6.727303282,109.024141,maize
5.0,23.0,15.0,25.66901098,92.04670813,7.408939392000001,112.5424199,orange
100.0,56.0,40.0,26.38905406,83.31240346,7.433313409,176.1516409,jute
103.0,72.0,51.0,26.12643374,81.81365007,6.099478745,104.4812858,banana
95.0,38.0,22.0,19.84939404,61.24500053,5.730617109,100.7689246,maize
24.0,18.0,6.0,26.56608303,94.45239715,6.285312759,116.3796525,orange
107.0,12.0,46.0,29.57240298,93.61870344,6.559763394,27.56918621,muskmelon
104.0,35.0,28.0,27.51006055,50.66687215,6.983732393,143.9955548,coffee
21.0,17.0,15.0,23.98289638,91.5473145,7.455991072000001,118.4901697,orange
61.0,41.0,44.0,24.36972377,82.11319791,6.537914957999999,159.92109340000005,jute
19.0,7.0,10.0,14.78003032,91.22062116,6.118430299,100.1961762,orange
49.57305189316521,34.76558807773096,28.566407404981835,24.13080733911736,56.15436265211251,6.2374226889123445,81.58476981509405,millet
111.0,5.0,47.0,28.03306461,91.47355778,6.2744528110000015,21.17924769,muskmelon
33.1958363663256,35.304272378166296,26.353068077433406,19.194102564308494,51.011744214094556,6.2580862343800225,68.76133896481005,millet
36.802910515083184,30.370079099087828,31.94615569032962,26.280167891068807,60.260285926776845,6.3449573889531035,42.44582856235314,millet
64.37695292140168,47.927824193638074,39.012449933555075,21.285636890044586,58.861503097673705,6.241673626947929,45.03695671847847,mustard
102.53220960643142,58.50502684670913,125.38332647570499,21.952182196902978,73.85590559541993,5.426841029382614,89.69967649505827,potato
99.0,73.0,53.0,26.29039046,81.06003778,5.8717022110000014,118.6730366,banana
99.54838357090182,68.25475631574908,128.57056701419572,23.207891409495748,75.90251343086146,5.711515096512391,90.12423143812056,potato
0.0,65.0,15.0,23.46168338,23.22197648,5.645435626,95.84253438,kidneybeans
89.0,52.0,45.0,24.89326318,77.01222585,7.207457207999999,196.469984,jute
76.18884975383712,43.99787500545527,32.519209033260346,16.65348550069188,57.245091235921095,6.528603259832392,44.382358001398714,mustard
32.0,68.0,19.0,24.62835037,18.18325169,5.514234138,149.7441028,kidneybeans
95.0,26.0,45.0,29.91690582,94.55695552,6.117530021,28.16057247,muskmelon
110.0,22.0,47.0,29.03157242,91.82172592,6.243673725,24.93861254,muskmelon
57.0,68.0,81.0,17.17012591,17.30457712,8.081095263,72.78624223,chickpea
117.0,27.0,48.0,26.53259325,82.39053979,6.835268183999999,54.30660782,watermelon
117.0,79.0,49.0,25.40909896,82.36208097,6.176644228,112.9794804,banana
85.0,35.0,32.0,26.24928198,54.28617819,6.854011265,133.1120232,coffee
28.0,80.0,17.0,19.62207826,18.67170854,5.809419584,144.1567454,kidneybeans
53.37202380175803,32.01811824556606,29.823345415741276,19.413980499209195,50.48180796663246,6.078329894246408,33.48985916380493,mustard
93.0,85.0,49.0,27.96799119,79.28625709,5.694243847,119.4765557,banana
25.0,68.0,19.0,29.39982732,64.25510719,7.1084501210000015,67.47677295,blackgram
92.0,40.0,30.0,23.35723208,55.18792166,6.026287448,171.6976946,coffee
37.0,56.0,25.0,22.05592283,19.60379304,5.774755143999999,126.7265372,kidneybeans
31.0,48.0,17.0,28.88078945,86.94206817,6.594739424,53.79732545,mungbean
92.05359694349441,48.22565025545276,42.24793494188026,20.85127151455815,73.49713308058051,7.132134326617698,73.5315196184419,wheat
12.0,29.0,40.0,19.68291173,89.75272999,6.594037135,111.2818551,pomegranate
90.0,86.0,55.0,27.96236771,84.15403614,5.644486582000001,97.55986676,banana
105.0,14.0,50.0,26.2148837,87.68839820000002,6.419052193,59.65590798,watermelon
4.0,20.0,41.0,24.26601316,93.7974061,6.537042717,104.5375109,pomegranate
0.0,74.0,17.0,23.33375853,64.50515776,7.240988401,47.01510708,lentil
37.0,36.0,27.0,27.552973600000005,47.90859131,5.910634533,90.40332704,mango
35.0,142.0,203.0,21.17089176,90.23730166,5.895319002000001,123.6495149,apple
11.0,27.0,30.0,27.69637763,48.56224879999999,6.39474303,89.85646496,mango
7.0,144.0,197.0,23.8494014,94.34814995,6.133220586,114.0512495,apple
82.0,35.0,44.0,26.96656378,78.21047693,6.239011,169.8391177,jute
94.0,39.0,18.0,23.89114571,57.48775781,5.893093135,102.8301942,maize
11.0,10.0,45.0,22.63045168,88.45577158,6.397995609,109.0357597,pomegranate
18.0,17.0,31.0,31.74592134,45.16127859,5.667507706,93.75441586,mango
22.0,71.0,17.0,18.15300153,19.38602098,5.509295379,107.6907964,kidneybeans
117.0,37.0,32.0,23.1069385,67.06230539,6.787658922,162.57696059999995,coffee
41.0,74.0,18.0,28.75751783,61.02701476,6.599147297999999,73.37686831,blackgram
86.37963886718184,64.14258251612017,36.11709161736717,18.972499057465328,69.43437747251062,6.83973292217169,70.77211078084056,wheat
84.64507639917159,65.39855593733283,143.08685992420217,16.62334721139318,83.25424087986971,5.738925891969291,90.03655224184098,potato
104.0,73.0,46.0,29.1400919,80.1190228,6.28236237,90.45142867,banana
111.0,32.0,34.0,25.46743689,69.35161206,6.392048018,171.37644619999998,coffee
99.0,56.0,17.0,24.10859207,73.13112261,6.234330356,71.07562236,maize
100.22120719678472,72.6365771658457,121.61617229092617,18.1140104345046,76.8158127914342,5.813143441593732,78.72797527417495,potato
32.0,55.0,51.0,29.60718808,93.15642801,6.57398033,62.68710535,papaya
95.0,21.0,47.0,27.93114233,93.56161439,6.431970877,20.66127836,muskmelon
52.045205003131905,39.60320431224507,31.296480880718462,20.851473041001242,37.24559701801972,6.524598666924068,53.852314829889906,mustard
54.86810472764552,43.90270055521683,36.243603976393665,21.975929740129278,64.60063165141489,6.686620997091815,41.40370327547538,mustard
31.0,121.0,201.0,23.15791104,90.34396882,5.731535257999999,110.712841,apple
45.87902228839854,12.766426720310104,23.594802514474363,29.131840117745774,63.33506514181968,6.039193261388358,48.77108914133058,millet
2.0,75.0,22.0,23.89271875,61.78779413,6.658605362,52.55730112,lentil
107.0,10.0,49.0,25.83202912,89.00481725,6.755192025,45.24690619,watermelon
105.15541862959103,66.56385744957892,133.1257421192133,17.785196221757808,75.63225303687575,5.916573581359289,95.5196657152694,potato
91.0,53.0,40.0,26.52723513,81.41753846,5.386167788,264.6148697,rice
67.0,41.0,40.0,25.84879500000001,87.81661683,7.333143205,152.6194403,jute
102.0,11.0,47.0,27.98780984,92.78226196,6.504906978999999,27.14509034,muskmelon
6.0,68.0,18.0,24.388717,62.50453062,6.711341147000001,47.26052494,lentil
49.0,68.0,22.0,28.56840626,61.53278622,7.127064207,63.49726331,blackgram
30.0,143.0,199.0,23.76881552,90.59810302,5.7983508000000015,102.2648546,apple
87.0,54.0,20.0,25.61707368,63.4711755,6.576418207000001,108.8303762,maize
38.0,21.0,35.0,20.33691147,89.38003827,5.841367187,110.9653137,pomegranate
37.0,64.0,22.0,17.48189735,18.8251973,5.954665349,121.9401369,kidneybeans
90.0,23.0,54.0,28.55852465,90.45773041,6.159020864,27.26588346,muskmelon
94.0,50.0,37.0,25.66585205,80.66385045,6.94801983,209.5869708,rice
79.0,45.0,43.0,25.71901283,79.15532398,7.171054239,187.1735424,jute
28.0,72.0,84.0,18.72963144,19.18197264,6.481783042999999,71.58010169,chickpea
107.0,11.0,54.0,28.59052369,91.33617236,6.094016337999999,29.44008034,muskmelon
20.0,23.0,11.0,31.852069399999998,90.12220323,6.407715561,109.9455062,orange
37.0,52.0,47.0,43.08022702,93.90305729,6.54277684,211.8529059,papaya
40.0,11.0,44.0,24.45840036,86.10874614,6.322396027000001,111.3779693,pomegranate
19.0,53.0,22.0,27.8640132,80.4513142,6.852884642999999,42.83053902,mungbean
20.0,45.0,17.0,28.17458662,83.69659318,6.770955317,37.2464655,mungbean
90.0,57.0,24.0,18.92851916,72.80086137,6.158860284,82.34162918,maize
53.0,65.0,76.0,20.19137759,16.41998269,8.719960893,77.33795356,chickpea
107.0,72.0,45.0,28.14938935,81.54448882,5.790768046,91.40508414,banana
35.0,145.0,195.0,22.03911546,94.58075845,6.231950009,110.9804014,apple
82.0,40.0,45.0,26.21312799,81.70476368,6.667633355,180.1237765,jute
1.0,48.0,24.0,29.34594634,85.60472562,6.232836962,59.03629954,mungbean
84.0,44.0,21.0,21.869274,61.91044947,5.850439831,107.2681929,maize
16.0,70.0,20.0,24.80467592,40.1242747,5.6093956,121.5639121,pigeonpeas
94.0,70.0,48.0,25.13686519,84.88394407,6.195152442,91.46442491,banana
0.0,70.0,21.0,36.30049702,56.03021253,4.672437054,101.6073988,pigeonpeas
101.0,17.0,47.0,29.49401389,94.72981338,6.185053234,26.30820876,muskmelon
21.0,44.0,18.0,27.06909959,86.89934108,7.12851089,50.46746116,mungbean
20.0,73.0,22.0,16.03768615,22.33195853,5.976312537999999,130.3900798,kidneybeans
27.0,56.0,20.0,29.2114218,87.11497805,6.41874299,51.53848218,mungbean
33.28632266128795,24.243364579659122,25.991135486766037,25.846102452039162,59.799979353412326,6.09569874564446,54.29415521057065,millet
63.0,58.0,50.0,43.03714283,94.6428898,6.720744449,41.5856585,papaya
91.29107424215842,63.939610112065196,113.94872850510771,20.650979812460015,75.09347428548881,5.432817919971323,72.18122437860116,potato
9.0,8.0,40.0,22.48720144,89.9224883,6.553509673,111.6631582,pomegranate
65.10713540486707,42.13368009271396,33.900820287677675,22.074331044697935,64.95743664589429,5.838330182870279,45.23903043284955,mustard
19.0,21.0,34.0,30.01592643,53.19212381,5.074272692,97.72843182,mango
120.0,23.0,55.0,27.84492803,91.60666594,6.732049075,26.47844429,muskmelon
52.0,58.0,16.0,30.64095781,61.14508627,7.167435834,71.36947525,blackgram
101.0,31.0,26.0,26.70897548,69.71184111,6.861235184,158.86088869999998,coffee
74.0,48.0,17.0,21.63162756,60.27766379,6.430616465,69.21803098,maize
79.30092337290333,37.84995908787267,37.63700738372136,22.61829426655362,56.4016913512681,6.711351961947417,64.54157433750287,mustard
40.0,120.0,197.0,23.80593812,92.48879468,5.889480679,119.6335548,apple
9.0,76.0,25.0,28.88302142,50.12323801,5.70951224,179.2155874,pigeonpeas
33.0,77.0,15.0,23.89736406,66.32102048,7.802212437,40.74536757,lentil
36.0,66.0,15.0,30.08545364,69.34811988,6.668238556,67.1367443,blackgram
57.0,56.0,78.0,17.34150229,18.75626255,8.861479668,67.9545435,chickpea
40.0,59.0,23.0,36.89163721,62.73178224,5.269084669,163.7266551,pigeonpeas
81.0,53.0,42.0,23.67575393,81.03569343,5.17782304,233.7034975,rice
58.69765675142165,43.6270919581322,45.77126813547393,23.844829796031384,59.37811837902373,6.158694298872555,60.32367724678116,mustard
51.87924646537705,47.15504507486785,44.202366259498994,22.218227093166856,51.735193286718236,6.089858658061926,53.20344012612456,mustard
63.0,43.0,19.0,18.51816776,55.53128131,6.641906353,90.988051,maize
89.0,41.0,38.0,23.12844351,74.68322732,6.344751947000001,199.83629130000003,jute
33.0,14.0,8.0,21.03200078,92.9641969,7.684420446,110.6823944,orange
38.0,61.0,52.0,31.22790131,94.94021378,6.620729882000001,46.44279118,papaya
95.0,37.0,35.0,27.31317116,68.42333909999999,6.348337518999998,192.4288139,coffee
9.0,60.0,21.0,29.94413861,67.31323084,7.52178027,40.37113729,lentil
15.0,133.0,199.0,23.99686172,91.61001707,5.8247786360000005,117.6102915,apple
34.0,76.0,80.0,20.65691793,15.84572566,7.985417393,65.23811143,chickpea
67.0,55.0,44.0,26.284017,75.14640198,7.251847296,182.2685447,jute
109.0,79.0,45.0,27.66752761,79.68542782,6.490074429,108.66464,banana
117.0,34.0,25.0,24.83846178,56.7685316,7.21270048,124.4135035,coffee
65.0,63.0,50.0,31.88342554,91.3256535,6.524459342,79.27201575,papaya
5.0,74.0,21.0,16.24469193,21.35793891,5.591704013999999,66.97053257,kidneybeans
9.0,77.0,17.0,20.12373284,24.45202552,5.783425416,106.158201,kidneybeans
16.0,143.0,197.0,22.61711614,93.51978375,5.90402645,116.9256766,apple
53.359236034811246,30.401944303349232,24.004186606230533,30.51282815249344,73.26036963473325,5.921064631877069,40.73419410068285,millet
81.0,18.0,50.0,26.80750629,88.22874955,6.429788072999999,58.79889057,watermelon
118.0,88.0,52.0,28.65003945,82.68752542,5.8431631610000005,98.75084366,banana
10.0,75.0,17.0,18.43966037,68.05394959,7.732194787999999,39.00992137,lentil
108.4930232254657,58.5844221800476,131.92156622366184,17.85923826336245,79.55357153872059,6.1273930361782805,87.92464728091892,potato
34.0,60.0,22.0,17.66148158,18.15302753,5.635231778,100.6711761,kidneybeans
103.62943407349051,55.48184167952821,47.63201410794562,20.47624904696409,47.727086634115025,6.704420781253436,68.35962351583784,wheat
78.0,58.0,44.0,26.80079604,80.88684822,5.108681786,284.4364567,rice
13.0,17.0,45.0,21.25433607,92.65058936,7.159520979,106.2784673,pomegranate
62.0,48.0,20.0,21.70181447,60.47470519,6.708446922,95.71388473,maize
24.0,56.0,85.0,18.19903647,17.41333199,6.545888558,80.6405403,chickpea
11.0,14.0,5.0,11.50322938,94.8933184,6.946354724,115.56837759999998,orange
70.0,42.0,43.0,23.16814977,76.66724969,6.508342839,157.1215052,jute
105.0,95.0,50.0,27.33368994,83.67675197,5.849076099,101.0494791,banana
59.0,69.0,80.0,19.07937684,17.86754927,8.165359297,69.40619137,chickpea
37.0,11.0,36.0,24.24779615,85.56033312,6.710143266,106.9216033,pomegranate
98.0,35.0,18.0,23.79746068,74.82913698,6.252797547999999,91.76337172,maize
23.0,65.0,20.0,23.0429097,22.42610972,5.833940084,108.3684316,kidneybeans
92.95788421097572,57.060403125782116,44.12038149044838,19.641292143510114,60.962365053695194,6.81940865117793,43.65535701314866,wheat
18.0,5.0,11.0,20.87947369,90.93756231,6.251586885,102.4550786,orange
12.0,129.0,205.0,22.36238282,91.15761594,6.119432215,118.68327250000002,apple
37.0,49.0,25.0,29.914544300000006,85.85384444,6.415459592,41.39081525,mungbean
76.0,57.0,18.0,18.9802729,74.52600826,6.092725883,94.26249353,maize
62.0,52.0,16.0,22.27526694,58.84015925,6.9670577620000005,63.87020584,maize
6.0,48.0,24.0,28.6362812,84.61431076,6.790736339,48.48319335,mungbean
59.0,62.0,83.0,18.57665902,19.22008229,8.104396057999999,72.94940441,chickpea
4.0,61.0,21.0,24.84063998,60.09116626,6.75020529,48.77790371,lentil
42.2606396039064,20.431781596399226,27.57810922054802,19.151068174690238,67.89202820164881,5.398811868641939,103.11592046693293,millet
84.0,27.0,29.0,23.32293161,53.00366334,7.167092586,168.26442869999997,coffee
18.0,79.0,20.0,20.27514686,23.2353604,5.877347515,139.7521543,kidneybeans
18.0,14.0,11.0,28.04799508,90.00621688,6.550814117000001,117.1311498,orange
90.0,39.0,37.0,24.81441246,81.68688879,6.86106911,190.7886386,jute
39.0,78.0,15.0,21.35499456,62.60136323,5.925391795,41.78219834,lentil
29.0,22.0,43.0,19.66329768,87.95158129,5.561851831,106.0380805,pomegranate
87.0,48.0,25.0,18.65396672,61.37879671,6.656730007999999,93.62039175,maize
14.0,37.0,15.0,27.96235681,83.97586797,6.581351374,48.9366954,mungbean
106.0,70.0,55.0,25.86824781,78.52399914,5.74055541,116.3019555,banana
10.0,56.0,16.0,28.17432665,81.04554836,6.828187498999998,36.35720652,mungbean
40.0,144.0,196.0,22.71750705,92.25479855,5.987262638,107.0289866,apple
14.0,139.0,197.0,21.72484506,92.83975602,6.056529526,121.6961761,apple
34.0,80.0,19.0,31.49338309,63.0563645,6.521217963,71.48327008,blackgram
74.0,35.0,40.0,26.49109635,80.15836264,6.980400905,242.8640342,rice
39.0,21.0,9.0,13.20844373,94.02769434,6.354022554,106.2696156,orange
30.0,60.0,21.0,28.87667593,62.4901206,5.457871272999999,182.2688175,pigeonpeas
69.0,37.0,42.0,23.05804872,83.37011772,7.073453503,251.0549998,rice
65.38288988773456,28.179377093728988,25.892757519915143,19.941119622814405,59.44410117073799,6.559187679689362,50.62880860174355,mustard
35.0,48.0,15.0,27.10818093,87.45126690000002,6.981758362000001,55.03723979,mungbean
54.0,77.0,85.0,17.141861399999996,17.0662427,7.8292111439999985,83.74606679,chickpea
2.0,24.0,34.0,28.89409382,54.80750249,6.472774648,94.76322976,mango
7.0,60.0,25.0,28.2753171,82.76020821,6.397636709,56.04995423,mungbean
36.0,76.0,75.0,18.38120357,16.63805158,8.736337905,70.52056697,chickpea
39.0,24.0,39.0,23.65374106,93.32657504,6.431265737,109.8076178,pomegranate
23.0,138.0,195.0,22.49095104,91.70292746,5.7959857160000015,124.3915101,apple
101.0,13.0,54.0,25.42900869,82.91481799,6.828982708,56.34144589,watermelon
45.186243470750874,29.786151106215097,28.06607718473196,20.03993246633788,76.16547048631965,5.8445926187644455,66.2071257276754,millet
98.0,18.0,27.0,27.56088634,68.49299897,6.516312148,167.43580749999995,coffee
4.0,24.0,43.0,22.40423537,88.1508343,7.199504273,109.8695196,pomegranate
117.0,32.0,34.0,26.2724184,52.12739421,6.758792552,127.1752928,coffee
40.0,136.0,202.0,22.85267372,94.57645809999998,5.935336307999999,117.53140259999998,apple
32.0,71.0,85.0,20.62767492,14.44008871,6.4039823160000005,92.06630306,chickpea
41.0,62.0,15.0,29.38400259,64.14928485,7.358974541,65.24194361,blackgram
8.0,7.0,10.0,28.2620488,91.98317355,6.929216014,105.2132259,orange
12.0,78.0,23.0,16.06522754,18.72479695,5.99812453,88.06638775,kidneybeans
59.0,58.0,17.0,28.546224,66.31394098,7.368318809,62.83469851,blackgram
103.0,33.0,33.0,26.71717393,50.50148528,7.131435858,126.8073984,coffee
16.0,71.0,24.0,18.33124824,38.40975482,4.946369874,139.64833169999997,pigeonpeas
4.0,40.0,21.0,28.79728147,80.45744422,6.725551062,44.30070517,mungbean
60.05439875647998,42.775547757123704,36.56168303949732,21.732296557579026,69.06896387356107,6.420965535175325,49.79441518086064,mustard
52.0,71.0,16.0,27.74274761,68.53997144,7.0758864720000005,71.78615328,blackgram
18.0,125.0,203.0,22.44307715,91.59234006,6.160267496,102.5565807,apple
98.0,26.0,52.0,27.33897716,90.69759008,6.150090898999999,28.69113835,muskmelon
59.0,60.0,84.0,19.03025305,18.66725565,7.690962337999999,94.70992037,chickpea
7.0,144.0,195.0,22.96388477,93.58065995,5.85648105,104.64729859999998,apple
113.0,19.0,46.0,25.41864024,81.12122989,6.286387658,49.52320689,watermelon
85.0,53.0,38.0,24.90075709,73.84186449,6.588017308,153.8990984,jute
70.0,43.0,40.0,24.35564134,88.80391021,6.176860192,169.11680280000004,jute
99.0,54.0,37.0,21.14347496,80.33502926,5.5948196260000005,198.6730942,rice
98.0,47.0,37.0,23.48381344,81.33265073,7.375482851,224.0581164,rice
88.0,17.0,52.0,29.90415889,90.75284363,6.646962425,25.37828397,muskmelon
69.0,51.0,23.0,22.21738222,72.85462807,6.80163854,106.6213157,maize
8.0,50.0,21.0,28.62911222,89.11480590000002,6.218923893,50.49913241,mungbean
16.0,10.0,41.0,24.77464458,85.63608688,6.738993954,105.7595811,pomegranate
104.56237421207156,56.084484459854224,115.4953578530618,17.035094846347853,80.50989963601388,6.012432603006577,115.88769855918605,potato
66.0,60.0,38.0,22.08576562,83.47038318,6.372576327000001,231.7364957,rice
45.0,57.0,47.0,23.16855863,90.78821158,6.656458831,161.68920930000004,papaya
73.0,43.0,42.0,26.58361011,78.00774772,6.310699968,154.8238864,jute
111.0,15.0,54.0,27.7058373,92.91185695,6.194090172,22.06207161,muskmelon
22.0,62.0,16.0,34.6455408,54.32342534,4.828936119,180.9009998,pigeonpeas
96.70492168243732,60.00533878212005,40.90813876200998,15.480834473457673,58.97665926815387,6.935398562997765,73.66006476851882,wheat
53.04269534980244,44.318547652889094,32.69617236828589,18.633299788531836,52.34953293453342,6.309391283352311,65.12270445700764,mustard
84.0,55.0,38.0,26.8748389,79.78725152,6.956682742999999,173.1017097,jute
90.0,50.0,44.0,26.91643698,73.48655995,6.253408852000001,171.4716375,jute
11.0,71.0,24.0,21.14011423,22.7182355,5.6066203460000015,141.6056722,kidneybeans
107.27211941614767,57.52662301225089,130.69654822234224,19.180456156265247,68.76056443724681,5.812177507361165,79.21838421850755,potato
32.0,145.0,203.0,23.83053666,90.84422164,6.406818518,109.5966791,apple
38.0,19.0,31.0,34.73823882,49.08864345,5.855119267999999,90.65022183,mango
11.0,36.0,31.0,27.92063282,51.77965917,6.47544932,100.2585673,mango
39.0,28.0,10.0,31.34920143,91.48247612,7.181907673,109.1549823,orange
60.0,37.0,39.0,26.59104992,82.94164078,6.033485257000001,161.2469997,jute
110.0,15.0,48.0,28.57819995,92.86597437,6.2125672110000005,27.598717800000006,muskmelon
58.0,75.0,25.0,25.25596239,61.36669662,7.261791753,68.64685069,blackgram
25.0,76.0,24.0,15.33042636,24.91506728,5.56503533,135.3315583,kidneybeans
108.0,22.0,47.0,28.53545677,91.72742702,6.161123579,25.1290048,muskmelon
73.0,35.0,38.0,24.88921174,81.97927117,5.005306977,185.9461429,rice
97.0,50.0,41.0,24.52922681,80.54498576,7.070959995,260.2634026,rice
108.0,24.0,31.0,24.12832546,56.18107663,6.431899747999999,147.27578180000003,coffee
34.0,45.0,21.0,28.18837136,82.60629652,6.2873801170000005,37.01110438,mungbean
18.0,66.0,22.0,25.87990287,67.55109024,6.347379185,47.89645224,lentil
75.0,38.0,39.0,23.44676801,84.79352417,6.215109715,283.9338466,rice
56.0,75.0,15.0,30.20157245,60.06534859,7.152272256,66.37171179,blackgram
31.0,55.0,22.0,22.91350245,21.33953114,5.873171894,109.225556,kidneybeans
22.0,67.0,22.0,29.03017561,64.49166566,7.475926645,54.93937710000001,lentil
20.0,60.0,25.0,27.3254209,69.09047809,6.726469087999999,61.19250859,blackgram
94.0,53.0,40.0,20.27774362,82.89408619,5.718627177999999,241.9741949,rice
37.0,18.0,39.0,24.1469628,94.5110662,6.424670614,110.2316633,pomegranate
5.0,19.0,25.0,27.351105600000004,54.43945147,6.441328044,96.27792547,mango
23.0,59.0,19.0,21.98560799,24.87304788,5.852046999,129.5650601,kidneybeans
74.0,39.0,38.0,23.24113501,84.59201843,7.782051312999999,233.0453455,rice
114.0,27.0,28.0,24.99451759,57.93250202,7.162802357,192.8736822,coffee
93.0,41.0,17.0,25.6217169,66.50415474,6.047906679,105.4654703,maize
9.0,80.0,19.0,21.80619564,18.57086554,5.945465949,125.0972687,kidneybeans
0.0,17.0,30.0,35.47478322,47.97230503,6.279133738,97.79072474,mango
46.0,76.0,77.0,18.2356751,19.68538502,6.967843048,83.74879344,chickpea
23.0,62.0,85.0,18.97424756,19.5161216,8.490127142,80.7108745,chickpea
103.0,16.0,49.0,24.06731461,81.64075303,6.915717008,51.75212401,watermelon
14.0,19.0,14.0,17.68408797,94.35815354,6.699164936,108.0638166,orange
26.0,121.0,201.0,22.19109412,90.02575116,6.162034371,112.3126628,apple
10.0,56.0,18.0,27.99627907,68.6428593,7.32710972,46.10585191,lentil
21.0,21.0,30.0,27.69819273,51.41593238,5.403908327999999,100.7720705,mango
49.48563323730397,25.090806699466157,26.124214925252787,25.90416440568531,59.3327458647163,6.469249855034657,60.49096094800046,millet
61.51764934088317,35.01733356066061,34.49937218125783,16.85873276430186,61.787447057642275,6.60015798997056,44.685608296252234,mustard
99.46260941335073,54.383186324687166,49.30531001723968,22.353430823385125,47.878471502411585,6.930770949505665,60.88774887103581,wheat
97.02977637338195,61.790303613111185,93.64181010056565,16.715654517102262,74.4099622392315,5.917995351818312,102.47885624875292,potato
31.0,37.0,21.0,27.23924995,86.404241,6.713410626,37.31236904,mungbean
32.0,60.0,83.0,19.69141713,19.44225438,8.829273328,91.76071648,chickpea
50.0,64.0,25.0,28.84079155,63.37230676,6.734447425,70.25496749,blackgram
107.0,38.0,29.0,26.65069302,57.56695719,6.35118177,145.105065,coffee
4.0,36.0,22.0,27.60887393,86.13316408,7.012740397000001,43.80041104,mungbean
107.44806517060813,69.50714618758467,141.40621984216446,20.550665226340477,68.37846409670537,5.70726506073925,111.91211656256323,potato
42.0,73.0,25.0,34.03679184,67.21113844,6.501869314,73.23573601,blackgram
0.0,25.0,14.0,19.33516809,91.97978938,6.361671475,116.450422,orange
26.0,24.0,34.0,31.27180992,52.23810152,6.811291098,89.74409017,mango
39.0,64.0,52.0,28.91842453,94.63676767,6.678695788,63.68794608,papaya
72.0,40.0,38.0,20.41447029,82.20802629,7.592490617,245.1511304,rice
34.0,11.0,10.0,31.75048899,94.59551226,7.36220835,115.1989301,orange
81.0,45.0,35.0,26.52872817,80.12267476,6.158376967000001,218.9163567,rice
34.0,66.0,19.0,32.97030511,60.18122078,7.586642101,73.44678678,blackgram
30.0,122.0,197.0,21.37784654,92.72043743,5.573241391,106.1417017,apple
101.37073178394448,62.13640212695407,139.1184476457481,16.045745989156654,89.42049351142965,5.597952812726839,77.21863604309553,potato
54.0,62.0,80.0,17.48911699,16.39055394,7.489545074,79.45758333,chickpea
0.0,133.0,200.0,23.67287749,90.4935574,5.708418722,104.2298028,apple
27.0,56.0,20.0,19.25975367,20.51346956,5.542690119,94.9533526,kidneybeans
37.0,126.0,196.0,23.59997268,90.97597665,5.596449493,107.17281909999998,apple
122.84544784612038,48.581781846227045,48.43041641627922,19.831110796300393,60.375844750117935,7.025187694676228,81.26765430565942,wheat
5.0,21.0,38.0,22.43377991,90.3396556,6.107054807999999,112.459697,pomegranate
117.0,24.0,53.0,29.17220859,92.21405224,6.293486295,21.30290472,muskmelon
69.0,47.0,40.0,25.37122686,76.2403666,6.130136384,183.8270791,jute
70.0,44.0,19.0,23.31689124,73.4541537,5.852607099,94.29712821,maize
83.0,60.0,36.0,25.59704938,80.14509262,6.903985986,200.834898,rice
79.0,51.0,16.0,25.33797709,68.49835977,6.586244581,96.46380213,maize
36.0,67.0,77.0,18.36952567,19.56381041,7.152811172000001,79.26357665,chickpea
93.0,56.0,42.0,23.85724032,82.22572988,7.382762603,195.0948311,rice
2.0,39.0,15.0,28.07219563,82.9116472,6.478557136,49.61865305,mungbean
69.0,46.0,41.0,23.64124821,80.28597873,5.012139669,263.1103304,rice
26.0,122.0,202.0,22.44516988,94.73763514,5.617227184,107.1843273,apple
127.78417276763406,55.548503798448216,41.7316687166558,15.308236885542506,43.6861425779192,6.135391975092416,83.35460383352736,wheat
71.0,52.0,18.0,25.10787449,55.97732754,5.790770202999999,78.16077693,maize
86.0,55.0,21.0,21.54156232,59.64024162,6.803931519,109.7515385,maize
8.0,28.0,37.0,23.88404783,86.20613842,6.082571701,108.3121789,pomegranate
9.0,77.0,17.0,21.65845777,63.58337146,6.280725549,38.07659414,lentil
84.0,57.0,25.0,22.53510514,67.99257471,6.489040367,64.40866039,maize
68.0,57.0,43.0,26.08867875,80.37979919,5.706943251,182.9043504,rice
49.90626457146909,34.596481670308144,37.124316309388504,24.56874484979623,72.7556576042139,6.450420100308867,66.06526340184499,millet
78.62877720679815,43.785191497661756,27.098273030482787,24.277161827056382,67.77256760763484,7.028239467437263,81.14504055385973,wheat
10.0,59.0,15.0,29.83040388,89.30428305,6.32400451,58.86687093,mungbean
113.73103176553111,58.78590099658836,38.785719239715334,19.025267927331477,54.82741692605979,6.616255640183902,62.11609522210238,wheat
95.0,88.0,52.0,28.00316034,78.90085998,6.235461772000001,94.68180316,banana
75.0,53.0,18.0,20.68899915,59.4375337,6.864793607,103.651438,maize
57.0,60.0,84.0,19.1034283,17.26184541,6.586777189,75.49101167,chickpea
2.0,120.0,203.0,23.12652652,94.71203306,5.893492998999999,108.62118329999998,apple
32.0,70.0,20.0,20.89342749,46.24856523,6.208843215,195.5697875,pigeonpeas
28.0,123.0,198.0,23.46260321,91.45665004,5.682751473,111.7763395,apple
4.0,19.0,43.0,18.07132963,93.14554876,5.7794274020000005,106.3602023,pomegranate
37.0,18.0,12.0,10.2708877,90.19147747,7.401121811,106.69552040000002,orange
60.0,55.0,45.0,21.40865769,83.32931909999998,5.935745417000001,287.5766935000001,rice
65.92659476336101,37.17974711344299,38.99554551232677,22.544153667108755,53.996365919976796,6.679638316868573,48.67649292991422,mustard
31.0,25.0,38.0,24.96273236,92.40501423,6.4973666770000005,109.4169192,pomegranate
18.0,57.0,21.0,27.37659643,63.93927841,6.155915975,49.47371773,lentil
19.0,7.0,9.0,27.255435,91.71369387,6.969883482999999,101.139435,orange
80.0,43.0,16.0,23.55882094,71.59351368,6.657964753,66.71995467,maize
36.0,61.0,21.0,34.53823889,39.04468913,5.617008201,168.5948318,pigeonpeas
75.0,54.0,36.0,26.29465461,84.56919326,7.023936392,257.4914906,rice
40.0,51.0,17.0,28.66086349,86.12194568,6.860602782000001,50.01534317,mungbean
6.0,9.0,12.0,31.08368929,90.14362642,7.028746406000002,109.6894658,orange
32.0,25.0,9.0,10.35609594,93.75652041,7.796034006,101.1456947,orange
100.0,17.0,48.0,29.72791119,94.29753295,6.367800632000001,26.52364146,muskmelon
100.0,76.0,45.0,25.56703012,75.94067692,5.590236025,102.7867717,banana
13.0,144.0,197.0,22.9215706,94.89613443,6.28022267,105.6941544,apple
37.785493600888636,23.282295400265934,35.11664205073332,29.51455103038537,65.15079698355878,6.783338981688238,64.10036577241543,millet
105.51016095074124,57.12566327370352,143.16043435863506,18.71636747707954,73.65220110001785,5.952397398073763,108.73813436072223,potato
113.23962258419826,48.11551701570423,134.1853228865551,18.593732350387942,77.18976601479736,6.17432262180212,74.25796521179808,potato
22.0,60.0,18.0,19.59221047,61.28633405,6.74398035,41.7704893,lentil
112.0,87.0,48.0,27.19711623,77.39706290000002,6.200111067999999,99.46950465,banana
14.0,67.0,22.0,23.82576704,24.75485098,5.624690247999999,84.64143632,kidneybeans
28.0,58.0,81.0,17.47500984,16.54314829,6.18042747,93.35034262,chickpea
116.0,36.0,25.0,27.57847581,58.52534263,6.172090205,156.6810374,coffee
41.0,69.0,82.0,20.02381489,16.63294455,6.715587232000001,68.97806542,chickpea
6.0,144.0,198.0,21.11478672,90.31528693,5.559363609,104.5086618,apple
18.0,12.0,8.0,12.59093977,91.81668769,6.206053072,119.39167179999998,orange
61.0,41.0,17.0,25.1420613,65.26185135,6.021902237000001,76.68456006,maize
59.39239181085982,37.07662861531868,31.710276221056393,25.9096812365484,43.41126868293165,6.674607970125418,37.53421653459761,mustard
56.0,76.0,16.0,28.27265858,61.18956161,7.5131510760000015,63.29900785,blackgram
52.0,68.0,78.0,17.48504075,16.96070581,6.89655198,86.05078037,chickpea
118.0,33.0,30.0,24.13179691,67.22512329,6.362607851,173.32283859999995,coffee
63.40709764954428,42.5103893253321,29.468841121248122,19.30259267417048,50.14639764187763,6.824530018301848,50.731278132412,mustard
60.0,51.0,36.0,22.69657794,82.81088865,6.028321557999999,256.9964761,rice
33.0,15.0,7.0,15.83388699,91.68293851,7.651225301,109.7571416,orange
98.0,53.0,38.0,20.26707606,81.63895217,5.01450727,270.4417274,rice
32.9000625775832,25.592450539211704,35.989865388887765,22.71209332644822,51.5324944622324,5.690848932870557,68.32664469182801,millet
111.67065339552076,54.15255968046465,120.21064031046413,14.151023327434292,74.62444123260286,5.705077465091559,70.6372632254791,potato
5.0,62.0,23.0,27.9348279,66.45457122,4.722222454,145.3728801,pigeonpeas
37.0,62.0,22.0,24.02037872,61.62313345,7.397546271,49.78102578,lentil
20.0,29.0,10.0,29.07412717,93.27189064,7.36549204,100.7896871,orange
93.01405369644614,54.78788899640627,49.08452512144479,21.29633055596157,51.002863265297044,6.779904756220345,64.33298394907455,wheat
90.0,42.0,43.0,20.87974371,82.00274423,6.502985292000001,202.9355362,rice
94.0,37.0,41.0,24.7634518,87.06071115,6.4635387070000005,179.1630865,jute
119.0,19.0,55.0,25.18780042,83.44621709,6.818261382999999,46.87420883,watermelon
82.0,22.0,45.0,26.22338015,85.34866045,6.512196212,54.60159289,watermelon
0.0,23.0,15.0,22.56664172,93.37488907,7.598729065,109.8585753,orange
61.0,53.0,43.0,26.40323239,81.05635517,6.349606327,223.3671883,rice
54.0,65.0,47.0,27.92765919,91.55594211,6.721835879,149.91075569999995,papaya
55.0,60.0,15.0,32.79766751,68.77994074,7.163043872,64.11411069,blackgram
109.0,29.0,28.0,23.26316991,60.51600210000001,6.724688502999999,194.1755471,coffee
36.0,19.0,32.0,27.10710832,50.70880979,4.94295037,92.37238878,mango
26.0,66.0,22.0,18.06486101,65.1034354,6.300479414,51.54922825,lentil
5.0,18.0,14.0,33.105698100000005,93.48447453,7.434118807000001,119.1709113,orange
69.0,64.0,47.0,40.21199348,94.50766912,6.993473247000001,186.6762324,papaya
105.4209340826262,47.88388456299582,51.530186312528926,18.073530522776828,57.799586422786845,6.80736735167582,79.95302230997154,wheat
97.0,22.0,26.0,23.60567546,59.68849145,6.074190142000001,185.1568059,coffee
10.0,79.0,18.0,21.0643684,55.46985938,5.624731337999999,184.6226709,pigeonpeas
35.77106654600195,24.009687364870253,28.877134409972708,26.92559288934729,75.12566272691761,6.150840157560874,70.00248477901836,millet
34.0,68.0,51.0,27.34734861,94.17756725,6.687088097999999,40.35153141,papaya
48.0,62.0,47.0,25.34756111,93.02871078,6.803094965,174.40123369999995,papaya
61.0,38.0,20.0,18.47891261,62.69503871,5.970458434,65.43835393,maize
21.0,62.0,24.0,33.49077065,62.73317204,6.8473828910000005,65.45328463,blackgram
59.0,62.0,52.0,43.67549305,93.10887229,6.608667683999999,103.8235658,papaya
2.0,21.0,44.0,18.92157197,87.31290342,6.56893406,102.8013275,pomegranate
82.0,13.0,52.0,27.11535046,94.86907886,6.442810053,26.51924782,muskmelon
93.0,58.0,38.0,20.61521424,83.77345559,6.932400225,279.5451717,rice
32.0,137.0,204.0,22.86006627,93.12859895,5.824151692999999,117.7296726,apple
23.0,5.0,44.0,21.20725375,94.26304717,7.16300467,107.5660804,pomegranate
39.0,64.0,53.0,23.012401800000006,91.07355541,6.598860305,208.3357976,papaya
93.0,20.0,50.0,29.93061247,93.22980899,6.448792688999999,24.34814338,muskmelon
60.0,68.0,83.0,19.12065218,18.43475844,6.620900869,85.52950164,chickpea
96.0,46.0,22.0,20.58314011,69.00128641,6.499936446,66.29390357,maize
22.0,18.0,31.0,30.764551500000003,47.93791463,5.956027059,90.38503469,mango
22.0,80.0,20.0,23.00884744,18.86880997,5.669560726,100.118612,kidneybeans
91.0,38.0,36.0,26.5232969,77.17331847,7.287318722999999,157.8548562,jute
86.0,6.0,53.0,25.92030221,83.47202566,6.921847887999999,42.10681516,watermelon
57.37105219400812,38.121651816861075,38.2070338908833,22.02849138622898,44.19140507033583,6.76911985906614,41.485857642862676,mustard
117.0,26.0,30.0,27.92374437,67.96910852,7.079850922,115.2325531,coffee
84.0,18.0,46.0,27.08808014,93.42402083,6.781050372999999,25.32159689,muskmelon
111.0,5.0,52.0,29.8843055,94.0371147,6.135996372,21.0000988,muskmelon
95.08506780103347,45.03408977030409,46.7968167761682,23.49437629756306,53.10972638937389,6.9334648421147795,72.39122728333116,wheat
112.17244078021757,58.28808924619593,121.53882053894907,21.141294907836464,79.20703645386538,6.288518986938561,92.04499466850585,potato
68.0,58.0,38.0,23.22397386,83.03322691,6.336253525,221.2091958,rice
36.0,67.0,25.0,35.95176642,36.52780776,6.418062652000001,136.0456753,pigeonpeas
13.0,64.0,20.0,19.1345771,62.57526895,6.590571088,36.46946971,lentil
56.0,67.0,78.0,17.57445618,16.71826572,8.255450758,77.81891424,chickpea
32.0,13.0,42.0,23.50128217,92.97527546,5.786058032000001,106.61905,pomegranate
9.0,69.0,20.0,19.30607278,23.96362799,5.591560999,129.3449326,kidneybeans
33.0,47.0,46.0,29.20300896,93.96834049,6.839443833,209.4083305,papaya
108.0,88.0,55.0,26.28845991,83.390039,5.891458107,113.8729798,banana
114.0,79.0,51.0,26.21009246,82.34429458,6.313197204,112.0700033,banana
44.06268605031699,41.12455539800513,36.89067425518053,22.69354088829047,57.102563782790526,5.8111637689211495,55.12889926175833,millet
9.0,10.0,10.0,22.3551049,93.52211892,6.010391864,101.5164589,orange
34.0,75.0,24.0,23.50222822,51.29019509,4.760038038999999,192.3023991,pigeonpeas
38.89235212812981,29.871796233909382,37.90269040403919,28.919893588114178,63.92553006823562,5.978042399753486,80.21077554601567,millet
40.456104999176674,39.08069845945279,31.79251745019412,24.995940991707045,47.78547678936556,5.684886499236704,66.82582190427267,millet
89.0,22.0,52.0,24.89681131,86.10782926,6.217300786,53.14626213,watermelon
86.0,79.0,45.0,27.81251452,82.69285419,5.80766417,99.20961514,banana
8.0,54.0,20.0,28.3340432,80.77275974,7.034214276,38.7976407,mungbean
28.0,58.0,25.0,27.4818649,62.04814951,6.861640036,37.81123974,lentil
62.0,42.0,36.0,22.78133816,82.06719137,6.430010215,248.7183228,rice
14.0,25.0,40.0,20.07386547,90.97819712,6.407872061,103.7084055,pomegranate
3.0,63.0,16.0,24.38041875,61.18458224,6.868881707999999,53.13946695,lentil
14.0,57.0,15.0,29.8757015,83.14796296,6.623438282,40.12044158,mungbean
114.0,27.0,48.0,27.82054812,93.03555162,6.528404377999999,26.32405487,muskmelon
28.0,123.0,202.0,22.76643029,92.12438519,6.442289294,120.4359949,apple
42.0,79.0,23.0,27.71678273,63.29103387,6.781841984,68.56507978,blackgram
92.66178636409663,54.89808012598947,129.31620975466754,22.429621049177687,84.56703037934983,5.870135773537224,73.59745561901495,potato
120.0,20.0,34.0,23.56960509,50.56339727,6.906124587000001,130.3797119,coffee
5.0,136.0,195.0,22.35628673,91.92360477,6.264202804,107.7697413,apple
101.0,20.0,48.0,24.6774157,82.75411437,6.206247493999999,57.05709413,watermelon
33.0,29.0,34.0,31.40948821,49.21729127,6.832979508999999,92.99739415,mango
11.0,61.0,21.0,18.62328774,23.02410338,5.532100554,135.33780330000002,kidneybeans
52.0,70.0,16.0,33.66855394,66.60416867,7.534811832999999,67.32520551,blackgram
33.0,12.0,15.0,30.25578031,92.03272799,6.052318465,116.7173125,orange
111.51152093729362,56.396622502654715,44.11028760729767,16.22528583349251,58.86096411982965,6.454403692128073,50.06414356026299,wheat
34.0,59.0,18.0,23.38002569,21.98879437,5.744117663,87.66898664,kidneybeans
92.0,75.0,45.0,29.01207743,77.95192527,5.674403358999999,90.43495443,banana
14.0,76.0,20.0,29.05941162,62.10652364,7.042474679,36.5011366,lentil
39.0,65.0,23.0,25.43459777,69.12613376,7.685959305,41.02682925,lentil
28.0,136.0,200.0,23.06204373,92.39544055,6.245858905,114.7399101,apple
1.0,30.0,29.0,28.33333307,51.39586505,6.4341977560000005,91.67241761,mango
108.0,72.0,46.0,25.16278237,84.97849241,6.110844721,90.94554618,banana
53.31885678695981,33.476524366823185,41.70439289541476,20.75954648901219,75.0,6.197433594777138,40.08846252857895,mustard
87.0,38.0,29.0,25.20406808,57.88370456,6.652642579,156.1457255,coffee
35.12173676544494,22.474263460984503,27.799053529111873,29.085153121292258,63.28063175769012,4.823844546134287,84.83356866167462,millet
123.07054849698955,48.47351772027649,28.513102790564485,19.493994873736348,41.58463068211532,7.470574924910113,40.11931721110221,wheat
89.0,52.0,42.0,23.09433785,81.45139295,6.14132902,196.6587013,jute
96.4879456457623,58.232406854516306,32.49739968067902,18.351982149926346,64.98279945878,6.605149846494122,87.52154975069679,wheat
9.0,137.0,200.0,21.12152071,90.6878768,5.636687393,102.8017203,apple
43.0,64.0,47.0,38.58954491,91.58076549,6.8256647820000005,102.2708231,papaya
89.0,28.0,33.0,26.44414097,53.83876189,6.9932360010000005,175.3723314,coffee
30.0,7.0,15.0,33.23453301,91.06053924,7.825531916,115.7659902,orange
19.0,24.0,15.0,20.48954522,93.72485075,7.137136973,111.83919509999998,orange
92.50217706765186,51.018223827501615,139.75301766937991,21.236042500293888,74.09966647780485,5.625495725815407,95.24325803695619,potato
98.0,7.0,45.0,27.79161808,92.51054946,6.157724816,26.85422624,muskmelon
37.41856128926291,30.530441317751084,31.938475638696175,23.60209876085228,52.350474383742934,5.522429997440378,77.91094802118886,millet
35.33538049144849,29.11438448220799,36.17976490548697,23.090460651497175,67.2969933216146,5.957620658278346,76.06564190999953,millet
87.0,25.0,46.0,27.42711692,90.02696201,6.379690748,21.7508774,muskmelon
39.0,25.0,36.0,18.90223032,94.99897537,5.567805185,107.6103211,pomegranate
81.0,41.0,38.0,22.67846116,83.72874389,7.5240800760000015,200.9133156,rice
90.0,14.0,52.0,24.84740848,89.20454622,6.391858432,59.67927244,watermelon
29.0,22.0,40.0,23.62600218,89.73266695,6.145104401,107.6836871,pomegranate
69.0,60.0,54.0,36.32268069,93.06134398,6.98992719,141.1736926,papaya
44.0,75.0,22.0,30.0328403,64.14800537,7.574561547,71.21006868,blackgram
74.12623251230451,53.46111228175102,37.47784604287723,21.916436421462986,62.658512095836734,6.569291467772667,94.34902375540192,wheat
91.0,36.0,45.0,24.44345477,82.45432595,5.950647577000001,267.97619480000003,rice
64.0,35.0,23.0,23.02038334,61.89472002,5.680361037999999,63.03843397,maize
100.0,18.0,52.0,26.20234499,80.38266489,6.87606733,56.47941847,watermelon
102.0,71.0,48.0,28.65456263,79.28693687,5.695267822000001,102.4633775,banana
112.63783423999485,65.18967910071714,125.78349560671067,17.757850259674253,77.64284842776239,5.770333104042657,92.2161636703789,potato
9.0,16.0,39.0,18.41164435,91.11927248,6.101198974,105.1834976,pomegranate
8.0,16.0,6.0,12.22816189,90.26457428,7.106650373,108.4161706,orange
60.0,55.0,40.0,24.9949957,88.95692783,7.02777956,151.4935635,jute
109.0,26.0,45.0,28.27973674,90.38971208,6.224535448999998,21.58992507,muskmelon
22.0,56.0,17.0,29.87888063,87.32761241,6.89077995,44.75215854,mungbean
61.21406393798992,40.20491450492815,38.01069641700527,16.547388492115562,54.59836306366604,6.338347443142179,29.513817011362534,mustard
13.0,72.0,21.0,24.32116642,21.0278674,5.821194486,60.27552528,kidneybeans
17.0,64.0,17.0,21.02213209,24.93896255,5.662699104,124.6118471,kidneybeans
38.0,15.0,30.0,28.91862016,48.13974548,5.075504537,97.01331604,mango
28.0,130.0,196.0,22.13450646,94.67695747,6.062356467000001,112.9203223,apple
32.0,25.0,35.0,18.09903225,85.70786282,5.892913826,107.0050976,pomegranate
8.0,23.0,44.0,18.47412402,89.68919664,7.130837931,108.4758509,pomegranate
61.951625583268005,30.614550329733692,31.843790943994517,21.724269513112986,52.532137692353444,6.304373333422082,50.58139514518506,mustard
20.0,72.0,15.0,36.00415838,56.01334416,7.313517308,134.8596466,pigeonpeas
88.0,21.0,27.0,24.43011925,66.02411187,7.231166546,181.6368274,coffee
95.0,39.0,29.0,27.35152643,55.99375012,7.13411409,148.98125249999995,coffee
82.0,48.0,36.0,25.79351957,81.76904006,6.352076782999999,193.2418382,jute
37.0,79.0,19.0,27.54384835,69.3478631,7.143942758,69.40878198,blackgram
86.0,37.0,16.0,20.51716779,59.21235483,5.561510732,67.61013737,maize
20.0,8.0,12.0,25.2990432,94.96419851,7.260416405,117.9733424,orange
98.0,25.0,52.0,25.2801372,83.15393658,6.224066378,49.29456609,watermelon
60.0,43.0,44.0,21.01944696,82.95221726,7.416245107000001,298.40184710000005,rice
27.0,80.0,24.0,28.42062847,61.77336343,7.815210661,49.02366803,lentil
93.0,53.0,38.0,26.92995077,81.91411159,7.069172227,290.67937830000005,rice
81.0,45.0,23.0,19.32666088,68.03449300000001,6.192360002999999,84.22969177,maize
81.0,25.0,49.0,29.86895762,93.25103208,6.076459669,26.26243014,muskmelon
0.0,5.0,36.0,24.35193812,90.88612388,6.152906502,105.529185,pomegranate
25.913529504153793,27.797832965500067,31.206957935237035,21.743530783228252,68.39248835571271,6.206471314845984,68.22663617419035,millet
107.32702894340588,68.35328701655257,129.2843296578703,24.23024395068252,65.57699637826094,6.087010695038375,82.73142092395994,potato
61.386733314963266,51.858643507092914,37.952113087956796,16.769343262235953,53.263863596605034,6.245709821414275,45.43514668643466,mustard
39.0,16.0,27.0,35.53845018,52.94641947,4.934964765,91.54560427,mango
110.0,28.0,46.0,24.29105004,88.04541346,6.49889585,51.26046418,watermelon
29.0,144.0,204.0,22.43324518,92.48667725,5.800448951,119.1025189,apple
89.0,53.0,44.0,24.88692811,71.91711523,7.319735475,150.2498675,jute
10.0,125.0,196.0,22.31253665,90.03577124,5.730557448,113.0688155,apple
28.0,35.0,22.0,29.53037621,86.73346018,7.156563094,59.87232071,mungbean
33.0,61.0,24.0,20.04611791,48.93905624,4.567446499,122.4564203,pigeonpeas
102.0503852575353,56.435979828793826,147.92569943387264,23.182629510302135,84.80058919380657,5.744413702336687,90.77369297772144,potato
112.58811071004267,55.87164217426101,124.09991781508958,20.773901048738306,60.0,5.671178337662424,101.90450819443828,potato
57.0,57.0,51.0,39.01793345,91.48815629,6.99223441,105.8841531,papaya
25.0,63.0,20.0,15.78601387,21.14544088,5.502999119,95.17028129,kidneybeans
102.24120117372495,62.31334915126254,107.11712243612891,19.95696863524026,68.42234947862879,5.810225040477768,59.352946381176544,potato
110.0,21.0,54.0,26.73690828,87.82430156,6.747537642,47.46447019,watermelon
60.0,49.0,44.0,20.77576147,84.49774397,6.244841491,240.0810647,rice
43.0,50.0,48.0,28.28222883,91.37059792,6.63016515,179.27208069999998,papaya
110.0,14.0,51.0,27.02415146,91.66737633,6.085444691,21.26034986,muskmelon
40.0,64.0,47.0,32.50037548,93.47888842,6.893509446,71.73759526,papaya
39.0,70.0,15.0,20.76774783,63.90164154,6.366355781,47.9271552,lentil
82.0,78.0,46.0,25.05802193,84.97323747,5.738678895,110.4408803,banana
113.0,15.0,29.0,27.09617155,63.55324262,6.779230041,190.2440566,coffee
96.0,54.0,22.0,25.70196694,61.33450447,6.960358276,83.20711308,maize
81.68734525043467,67.39947524014032,45.07135217854409,17.558827855493583,60.592758243358205,6.8189594685265655,45.141719937610766,wheat
96.0,18.0,50.0,25.3310446,84.30533791,6.904241707000001,41.53218699,watermelon
70.0,68.0,55.0,42.84609252,94.63548176,6.691202286,78.80996390000001,papaya
93.0,22.0,48.0,29.12533739,91.52291141,6.776987974,21.90440445,muskmelon
88.0,50.0,40.0,25.63215038,79.95150917,7.0518224720000005,182.2582277,jute
95.0,75.0,50.0,28.08166093,75.26429821,5.623615687000001,118.2761894,banana
4.0,69.0,19.0,19.25100056,47.70351758,5.374358869,149.063196,pigeonpeas
93.0,81.0,50.0,27.71822477,76.57853189,6.0360792660000016,102.2099836,banana
22.0,18.0,33.0,30.41235793,52.48100602,6.621623545,93.92375879,mango
12.0,31.0,26.0,35.7877738,51.94190321,5.395275719,100.2160615,mango
19.0,39.0,17.0,29.2808618,81.8009244,6.890156495,44.47427436,mungbean
13.0,74.0,25.0,24.12192608,61.09533545,6.461618577,44.23629285,lentil
44.0,76.0,22.0,27.26458947,68.01232937,7.775306272000001,68.91754359,blackgram
31.0,79.0,75.0,18.8202251,16.1074793,8.204862075,89.73119396,chickpea
2.0,78.0,23.0,21.31852148,66.43934593,7.320514721,45.42616802,lentil
76.19447698629482,40.511908855390146,26.020824469459527,18.76719294400057,54.6574129495074,6.4882078137117105,40.87002177856566,mustard
90.66034329517225,57.745723129115945,129.01374608390518,14.931622304404783,76.97257446182088,6.463156900477405,97.19914475995445,potato
118.0,21.0,51.0,24.42998931,86.33904774,6.678805092,48.58241822,watermelon
80.0,30.0,25.0,26.24092174,65.64381357,7.487266991,148.37712019999995,coffee
80.0,43.0,43.0,23.78756036,74.36794079,6.014572075,172.64426540000005,jute
83.82177493473145,78.391184988954,131.99454511220313,17.92693622321705,78.8323813321751,5.99013306427963,89.15401466329091,potato
94.0,91.0,51.0,29.16093424,76.67484233,5.6180944460000015,109.575944,banana
108.0,26.0,52.0,28.82629037,94.26765349,6.201797639,26.23838511,muskmelon
15.0,36.0,27.0,27.78912455,53.96886679,5.6437102160000014,91.01152997,mango
76.0,44.0,17.0,20.41683147,62.55424820000001,5.855442401,65.27798457,maize
82.73509633866546,47.075709398954494,40.514240152763705,21.474332620500203,52.280612315359164,6.148983024846735,53.12474215689703,wheat
30.0,37.0,25.0,29.89129144,80.14487166,7.120032489,54.7960127,mungbean
91.0,12.0,46.0,24.64458469,85.49938185,6.343942518,48.31219031,watermelon
81.0,16.0,45.0,26.90435747,86.25426228,6.727468157000001,59.75980023,watermelon
34.0,65.0,47.0,23.48546973,93.71043692,6.833768535,191.7760562,papaya
12.0,8.0,10.0,16.14820285,91.4448027,7.995848977,107.4287664,orange
9.0,16.0,36.0,23.77989026,92.93386903,5.893332377999999,106.977723,pomegranate
90.0,86.0,52.0,25.85036988,81.95580471,5.793260262,119.08561709999998,banana
38.0,15.0,27.0,33.7462686,48.50387598,6.777788126,92.26439205,mango
56.0,59.0,55.0,37.03551903,91.79430166,6.551892637999999,188.5181422,papaya
81.0,56.0,36.0,23.39605743,72.60512854,7.097586415,174.78764109999997,jute
81.0,30.0,31.0,24.65090184,51.93952357,7.027585558999999,135.1386537,coffee
20.0,27.0,41.0,20.51343484,92.51675903,5.700088663,110.5764023,pomegranate
99.10679885079945,59.86861683141798,106.24145764771416,22.502279371902933,69.0684533570945,5.857614734947009,82.73261352315762,potato
64.461528485801,41.193688880778964,37.45191686888403,21.180005677298187,62.39416111630264,6.665975365995435,51.227112239002686,mustard
104.71370998892911,45.65057569904374,38.10545114607993,17.069199730219633,60.92539707434287,6.408977902080579,73.7091994867843,wheat
21.0,6.0,41.0,24.88244467,89.39686219,7.086947687,107.1951707,pomegranate
53.0,55.0,55.0,33.32315744,91.25271223,6.709668804,234.496633,papaya
0.0,18.0,14.0,29.77149434,92.00719952,7.207991261,114.41617859999998,orange
14.0,67.0,25.0,25.28710601,60.85993533,7.241151936,49.37369982,lentil
31.0,60.0,24.0,25.40474421,65.8567539,7.722335992,51.92057267,lentil
5.0,56.0,24.0,24.80710166,45.01110015,5.023115055,188.4928637,pigeonpeas
52.0,73.0,79.0,17.25769499,18.74943955,7.840339388999999,94.00287214,chickpea
97.0,36.0,45.0,22.2286982,81.85872947,6.939083505,278.0791793,rice
130.72101445922553,72.38004161064049,132.94781754552204,21.44629710111631,66.66256519941842,5.961626797733911,91.43496442096983,potato
16.0,73.0,19.0,18.41645629,34.80541039,4.684079249,163.27474730000003,pigeonpeas
27.0,65.0,18.0,20.10993761,23.22323766,5.59503163,73.36386477,kidneybeans
74.0,39.0,23.0,22.6265115,65.77472881,6.78073637,88.17251033,maize
34.0,38.0,31.0,35.37775595,45.58110023,6.454045329,97.41586402,mango
60.813464913443156,25.038717875760838,27.88100224313587,18.50810130943063,72.35323338888001,5.738493464540472,66.35528765468003,millet
89.0,57.0,43.0,26.91515043,73.19897535,6.998787171,177.22330480000005,jute
103.0,40.0,30.0,27.30901814,55.196224,6.3483162570000005,141.48316440000005,coffee
70.60494814180336,52.4235078703546,41.49163451815542,17.03584247504102,48.95918833428087,6.64617778230807,65.87981560626085,wheat
10.0,37.0,22.0,28.7275267,89.12760359,7.069747813999999,58.52974279,mungbean
83.0,58.0,45.0,25.75528612,83.51827127,5.875345751,245.6626799,rice
82.0,26.0,47.0,28.50416396,93.46806467,6.565312652999999,24.20007242,muskmelon
18.0,21.0,35.0,23.2801227,94.94330457,6.368560522,111.1382096,pomegranate
99.0,40.0,32.0,24.18471151,69.94807345,7.0455430560000005,163.27087319999995,coffee
50.0,56.0,76.0,20.99502153,19.8601304,7.966605025,73.50734019,chickpea
33.0,75.0,84.0,19.46210401,18.72831993,7.217018459,68.81405149,chickpea
36.0,54.0,46.0,42.54744013,94.94482086,6.662875839,214.41038480000003,papaya
33.0,138.0,198.0,22.29423493,90.69033986,6.222390797999999,122.7418744,apple
99.0,57.0,35.0,26.75754171,81.17734011,5.960370061,272.29990560000005,rice
107.0,34.0,32.0,26.77463708,66.4132686,6.78006386,177.7745075,coffee
28.0,65.0,23.0,28.38686534,61.88871127,7.405176138,74.24459122,blackgram
56.49202861309118,33.714925566031184,23.99801205236655,23.042838193000147,62.929631498663184,5.989391496300376,78.04576740689456,millet
85.0,33.0,25.0,26.20811417,52.50987966,6.910823945,189.0944824,coffee
89.0,85.0,55.0,26.671983500000003,76.48541655,6.275384607,91.73358569,banana
67.0,68.0,49.0,35.26824831,92.38282957,6.821774589,149.8488208,papaya
56.44965703952258,41.307517835607655,27.316068626047493,22.392109664657855,56.27680738045723,4.987884990901468,91.60613417813025,millet
31.0,58.0,15.0,28.31886863,60.19461399,6.167855382000001,45.36521251,lentil
91.0,55.0,15.0,18.09300227,72.61024172,6.376651091,78.96159541,maize
117.0,86.0,48.0,28.6956201,82.54195839,6.225225238999999,116.1616839,banana
13.0,73.0,20.0,30.50420876,35.48885969,5.391560417999999,162.59277230000004,pigeonpeas
22.0,17.0,5.0,24.12188673,90.72351622,6.945562889,102.835632,orange
43.0,61.0,20.0,26.87187036,61.61367264,6.804253866,63.51822045,blackgram
32.0,78.0,22.0,23.97081395,62.35557553,7.007037515,53.40906048,lentil
49.66692984474514,42.34497281827019,25.93353017685089,21.611922429589534,77.78917736403774,5.6472501395089125,57.13771320351813,millet
94.11837770301764,56.385447406809455,42.85612388772038,21.538320362163862,72.18499261815725,7.2150159777031595,72.11721509562061,wheat
15.0,77.0,20.0,25.13163619,66.92642362,7.399749291,49.04015558,lentil
90.93540481176012,79.64240111928716,119.62137895178134,13.270823529047252,66.35969470443423,5.569008030682407,101.21183893487128,potato
10.0,140.0,197.0,22.16939473,90.27185592,6.229498836,124.4683112,apple
31.0,72.0,17.0,28.69180475,49.47225353,5.833031707999999,96.36222901,pigeonpeas
31.0,20.0,30.0,32.17752026,54.01352682,6.207495815,91.88766069,mango
49.0,55.0,53.0,38.4418717,93.63739039,6.544029776,77.71566883,papaya
31.0,48.0,45.0,40.78881819,92.90951393,6.563134737,132.7923586,papaya
0.0,17.0,42.0,23.20242586,91.19442671,6.8598408210000015,109.0946323,pomegranate
119.0,30.0,28.0,26.35770906,64.57578034,6.5052036960000015,163.62694960000005,coffee
59.0,55.0,19.0,31.74379487,62.51007687,7.332375138,68.97097538,blackgram
66.0,54.0,21.0,25.19008683,60.200168700000006,5.919045532,72.12375573,maize
3.0,68.0,16.0,18.31910448,34.69776639,4.964887857,107.4721605,pigeonpeas
61.84560724574947,39.92746631292367,26.804265732796793,18.21060002722312,58.11691341896723,6.809174175687217,43.49162288433305,mustard
76.0,56.0,39.0,24.39459498,89.89106506,6.551130445,197.1220049,jute
120.0,87.0,52.0,28.0764455,76.05522115,5.905494703,118.99235729999998,banana
44.0,58.0,18.0,28.03644051,65.06601664,6.814410927999999,72.49507741,blackgram
57.45827922595013,37.47542923791368,35.860330804053504,20.598511251338444,55.027004052777286,6.767074250250952,37.4171793111241,mustard
91.0,50.0,40.0,20.82477109,84.1341879,6.462391607000001,230.22422230000004,rice
22.0,26.0,38.0,22.92052307,85.12912161,6.988035315,110.2437841,pomegranate
97.92603548243223,51.63483741787713,44.486276210945874,16.319456879409092,55.20499981636982,7.5637666561880526,53.934016109868494,wheat
56.99842895740851,45.3213243405838,32.78433716452278,18.549866896574894,35.0,6.172419829881406,46.950249840281266,mustard
32.0,79.0,22.0,27.60195453,63.46170674,5.91645379,54.37814199,lentil
10.0,71.0,18.0,19.54284889,66.34777265,6.151029296,173.11069819999997,pigeonpeas
80.0,18.0,52.0,27.87317436,91.14849627,6.484799661,24.05207925,muskmelon
32.0,141.0,203.0,21.25941052,92.84416234,5.821347769,109.06584709999998,apple
69.0,57.0,35.0,24.30748599,78.54340987,6.1868143920000005,186.2337571,jute
90.0,46.0,42.0,23.97898217,81.45061596,7.50283396,250.0832336,rice
30.0,63.0,16.0,23.60506572,21.90539577,5.5259045260000015,100.5978728,kidneybeans
45.0,61.0,78.0,19.48649305,16.06240074,6.489389282,81.52842690000001,chickpea
46.85448951076666,45.529900671546756,32.647924160485225,18.27364736920935,71.7075421829594,6.7706831521359945,42.95528779013878,mustard
3.0,18.0,31.0,31.65333432,48.20662669,6.392313972999999,91.09745581,mango
100.0,10.0,53.0,24.54356968,84.60808277,6.211748957,42.00660251,watermelon
1.0,30.0,10.0,11.89925671,91.34663797,7.291405641,103.5771468,orange
89.0,47.0,38.0,25.52468965,72.24850829,6.002524871,151.8869972,jute
25.913897926753457,32.20419304089707,28.22759153916582,28.120975635488875,59.63503832738684,6.549775237268327,60.168905683342025,millet
44.524077165052354,28.64112664859084,32.03090306077014,25.53360779857494,73.00465854434383,5.761735482382603,53.84954891832142,millet
29.0,11.0,5.0,23.13338811,91.94670335,7.639788459,104.4224145,orange
33.0,77.0,21.0,30.32992227,65.62971858,7.01285529,71.64631281,blackgram
104.17098046434005,55.81711978277385,135.65817812596782,18.360093980154783,70.47434489988385,5.755899399511454,88.27094933134062,potato
66.0,69.0,47.0,23.69212243,93.61055571,6.912299695,87.53393983,papaya
64.70842615816576,48.534219170191044,41.211496008342515,15.20081710950586,54.49180340307716,6.683740638204081,46.814266201139716,mustard
60.0,59.0,22.0,31.86847286,66.74217464,7.191522601,74.22238583,blackgram
29.0,21.0,45.0,23.40981539,93.13277,6.749260456,105.2240743,pomegranate
40.0,17.0,15.0,21.35093384,90.9492967,7.871063004,107.0862095,orange
63.0,35.0,16.0,22.02720976,65.35549924,6.272417541,83.73280082,maize
33.0,23.0,45.0,20.00218987,85.83618191,7.116538883,112.337046,pomegranate
112.18788733591298,62.70700903395458,37.97945478885472,20.07043197513334,59.10137560247336,7.280485568865577,56.44585060787403,wheat
49.0,71.0,76.0,19.71098332,17.63879418,6.613072145,85.57925437,chickpea
33.0,59.0,22.0,22.64236876,21.59396123,5.946999529,122.3886015,kidneybeans
72.3921612119615,34.27636348362013,35.29864212308576,22.065117928603765,62.34763555153931,6.782393174230245,48.423378344896214,mustard
9.0,29.0,34.0,29.38471637,45.88744691,5.72742254,100.8124659,mango
34.0,60.0,25.0,29.78416743,85.16906976,6.79385576,40.77872823,mungbean
16.0,143.0,204.0,23.71475278,91.53331177,5.631333387000001,121.8961665,apple
3.0,28.0,33.0,30.33723921,48.88704844,5.755049971,94.42850522,mango
12.0,71.0,19.0,24.91079638,60.71367427,7.142611056000002,42.19740397,lentil
72.64432549254698,44.081296632702696,31.22441963784327,22.172890160973182,47.837229421095806,6.638961887629737,47.53165238037981,mustard
8.0,59.0,18.0,29.50523036,35.72032498,6.216814453,187.8961851,pigeonpeas
52.336879620543,15.822405386748969,30.758277477278472,24.639589884713068,64.29309632635731,6.140579283016633,82.46934144904323,millet
19.0,79.0,19.0,20.06003985,67.76252583,6.677262562,42.89509057,lentil
106.0,20.0,51.0,29.73019662,90.97015715,6.342573112,20.49035619,muskmelon
118.0,18.0,52.0,28.04943594,90.83130708,6.562832807,20.76223014,muskmelon
113.0,21.0,33.0,26.02241444,55.83288958,7.277422737999999,176.90209240000004,coffee
95.0,16.0,55.0,25.26931156,87.55055105,6.612847999,40.12650421,watermelon
31.0,53.0,16.0,28.7420098,85.81675947,6.452006451,48.54598575,mungbean
67.0,59.0,41.0,21.94766735,80.97384195,6.012632591,213.3560921,rice
31.0,79.0,25.0,23.18864385,22.3104551,5.902033406,63.38208822,kidneybeans
86.0,18.0,45.0,28.96586565,90.71832938,6.566759102000001,22.25838137,muskmelon
13.0,126.0,204.0,23.1094265,92.79630809,6.3831802710000005,108.183792,apple
78.0,50.0,43.0,25.12417673,85.72530641,6.348441469,159.5718087,jute
103.25894604634448,68.53339751671324,126.29233926219105,20.182888630910938,71.39179413629272,5.798178726538032,114.16064697031948,potato
8.0,72.0,17.0,20.57341244,19.7520218,5.711439256,87.87869161,kidneybeans
26.0,73.0,21.0,31.33170829,57.97429171,4.946263888,161.7820226,pigeonpeas
37.0,73.0,21.0,29.50304807,63.46513414,5.560224582999999,189.5208915,pigeonpeas
39.0,71.0,84.0,20.28155898,16.39535215,8.140825437,82.52339655,chickpea
101.0,87.0,54.0,29.07311132,76.50045221,6.376756632999999,100.1692639,banana
104.0,25.0,55.0,29.81196601,90.36881284,6.123802502,22.68766503,muskmelon
104.93126664489526,54.417368698745015,44.706537651876616,23.628512517647657,51.34761597108484,6.460062252214083,60.50215030940483,wheat
23.0,23.0,27.0,34.72413192,51.4271781,5.161148592,97.31258083,mango
102.0,73.0,54.0,26.4020227,84.41007614,5.720726906,111.0162259,banana
78.0,40.0,38.0,26.46428311,83.85642678,7.549873681,248.2256491,rice
11.0,36.0,33.0,35.99009679,52.22780489,5.978634285,95.3713484,mango
18.0,20.0,26.0,31.66524687,51.98594645,5.435840509,89.98024312,mango
8.0,37.0,33.0,28.07802689,54.9640534,6.128167757000001,97.45373619,mango
106.21190824562947,61.33161766570445,157.699554940715,17.48211810017754,73.96156905429679,5.605216736480198,101.39464962529588,potato
22.0,144.0,196.0,21.91191314,91.68748063,6.4992268210000015,117.0761277,apple
55.0,77.0,22.0,31.4345059,62.99303471,7.76061831,64.77651469,blackgram
118.0,13.0,54.0,24.41311871,89.81574032,6.039584629,44.07843475,watermelon
92.0,81.0,52.0,28.0106804,76.52808057,5.891413895,103.7040783,banana
34.0,29.0,8.0,31.87859192,91.15248149,6.450640306,105.3437825,orange
64.0,53.0,38.0,26.24347471,78.51063754,6.855362875,183.4065252,jute
60.0,38.0,17.0,18.41932981,64.23580251,6.474476516,76.41312437,maize
18.0,26.0,31.0,32.611261400000004,47.74916499,5.418475257000001,91.10190759,mango
38.01047099053162,33.0816006394183,24.269264523903882,20.838952742560938,55.850190341434704,6.10149586459783,74.7089916061452,millet
63.90297827896859,30.98151818944109,35.4160660222175,20.850128236422226,51.06478041995036,6.898679995860623,48.01107339191742,mustard
12.0,80.0,19.0,21.91041045,65.21662467,5.962001484,36.10211371,lentil
38.0,36.0,21.0,28.02952623,84.8845732,6.5563729660000005,36.12042927,mungbean
31.0,5.0,14.0,17.66545409,91.69865887,6.583411671,110.6857506,orange
11.0,74.0,17.0,21.36383757,69.92375891,6.633864582,46.6352865,lentil
83.0,7.0,45.0,29.08417927,90.73891887,6.704104127000001,25.33014238,muskmelon
96.0,13.0,55.0,29.5275305,94.57459443,6.700337732,21.13545688,muskmelon
93.25039868926879,53.613622043692374,119.78422513787679,19.431122481669366,76.68714854381625,5.9827414362721525,110.54050176170813,potato
95.0,7.0,45.0,27.30008597,90.80015308,6.031665834,25.09484511,muskmelon
13.0,75.0,20.0,30.55992394,35.29006485,6.979540061,178.8998611,pigeonpeas
76.0,54.0,45.0,24.29496635,77.62976013,6.176618831,184.9800516,jute
36.0,38.0,15.0,28.36363858,87.59810657,6.3206620120000006,57.99524359,mungbean
91.0,7.0,53.0,25.13735887,89.28272716,6.457216535,43.52897517,watermelon
43.19750361402113,26.386727637829317,23.62563883111872,21.217940597428278,66.27885113597921,6.248628755942421,60.130960811413594,millet
103.0,17.0,51.0,25.11189154,80.02621335,6.209888345,44.20656987,watermelon
6.0,18.0,37.0,19.65690085,89.93701023,5.937649577999999,108.0458926,pomegranate
24.0,42.0,23.0,28.22471276,82.35916228,6.428054409,44.01206619,mungbean
53.0,67.0,17.0,31.77681682,69.01852894,7.296972161,61.46892873,blackgram
99.0,19.0,33.0,27.536454700000004,55.51673151,6.273741983,130.6377143,coffee
89.0,58.0,35.0,23.98651719,82.09053379,6.096838784,167.0576456,jute
37.0,30.0,34.0,27.53907547,53.63549533,6.797779227,99.35408185,mango
95.62459375310085,50.972194767070405,45.4367819914774,19.88503652779284,45.930084108615084,6.438273349958236,78.13029822165139,wheat
97.0,25.0,50.0,26.22005978,80.90127035,6.093814669,49.08553937,watermelon
37.0,77.0,20.0,25.93381964,68.70533022,7.080506001,51.02372773,lentil
70.0,47.0,17.0,24.612911800000006,70.4162444,6.600827017,104.1626147,maize
6.0,7.0,7.0,27.68167318,94.47316879,7.199106204,113.9995146,orange
5.0,65.0,19.0,18.28072173,68.10365387,6.978361689,48.80253285,lentil
47.96838148644653,28.97889226485043,27.103538866907805,25.229455970785537,50.57488258995244,5.9570791423983085,47.27662399655458,millet
2.0,36.0,31.0,30.90225239,49.95955487,5.73171945,91.77522598,mango
76.0,44.0,45.0,25.4879684,84.48235878,6.740947635,168.7848886,jute
17.0,18.0,43.0,24.4880844,90.83687246,5.843005428,103.1969341,pomegranate
74.0,55.0,19.0,18.05033737,62.89366992,6.28886807,84.23613484,maize
43.0,68.0,20.0,29.57812712,66.17587668,7.497469256,69.43895491,blackgram
93.09234608514672,61.623384166810396,139.64084139801315,20.315096131945033,60.003565710758565,5.967498073756516,89.81628180992405,potato
81.32044991771315,56.52403018054147,132.86648602029854,20.09466994084077,81.64909690042509,5.814658021097711,96.43811812284484,potato
60.167091906367695,31.292945859690647,39.101415939202866,19.83205427487661,69.96772140297426,6.653237626558278,40.34194430881837,mustard
25.0,76.0,17.0,31.74105409,68.63525428,7.241148507,62.3061735,blackgram
4.0,67.0,25.0,23.78709569,24.35679348,5.948164454,119.6404412,kidneybeans
52.0,56.0,85.0,20.118744600000007,14.44228303,6.81712422,88.68168643,chickpea
20.0,68.0,17.0,30.11873003,60.11680815,6.578714842999999,71.72980375,blackgram
116.0,71.0,47.0,27.57278064,82.0638878,6.435785799,91.34276507,banana
22.0,23.0,44.0,20.13037175,89.31505137,6.1438746910000015,107.3416913,pomegranate
3.0,27.0,44.0,24.56811204,92.03009222,6.591302797000001,110.9633894,pomegranate
76.0,49.0,42.0,24.958779,84.47963372,5.206373153,196.95600080000003,rice
7.0,141.0,195.0,23.8812458,93.45067555,5.514253142,104.9116663,apple
24.269147284991988,36.53249171822512,36.48028839428789,27.257946348525095,68.53552519655527,5.632246163365431,72.20619453704434,millet
96.0,86.0,51.0,29.90888522,76.98740841,6.257369799,91.99964712,banana
22.0,9.0,44.0,24.72235539,88.87651295,5.744361602000001,112.1926517,pomegranate
33.0,59.0,19.0,23.19305333,62.74710773,7.641024177,49.55213308,lentil
87.0,14.0,48.0,29.69238699,92.58862544,6.606033244,29.1102594,muskmelon
91.0,21.0,50.0,24.33528185,81.44030363,6.762030215,48.32113628,watermelon
78.0,42.0,42.0,20.13017482,81.60487287,7.628472891,262.7173405,rice
41.79747780601509,32.57289900198344,22.925761253041184,24.24731925880351,64.78875394432859,6.381250018150435,63.393557806101,millet
25.0,22.0,25.0,33.56150184,45.53556603,5.977413802999999,95.70525913,mango
107.46171954660636,59.734984217009625,123.3072485017783,20.98880045834142,70.47621246679994,6.163929309993755,107.6540439299233,potato
41.448172469629654,39.96755528728722,29.52215165252571,24.210156489339543,60.61020073807231,6.107650776498043,63.71093922478489,millet
22.0,64.0,82.0,19.48974337,17.17260319,6.4740245000000005,87.51312796,chickpea
104.96895147105346,45.46957202237881,43.550555425169826,18.968155681014267,55.57080555722254,6.957780856951318,67.37701712921427,wheat
52.0,63.0,19.0,29.58949031,68.32176769,6.928898659,67.53021213,blackgram
1.0,76.0,17.0,28.43430726,52.10010827,6.012719118,147.0414824,pigeonpeas
21.0,26.0,27.0,27.00315545,47.67525434,5.6995869720000005,95.85118326,mango
40.0,16.0,35.0,31.89356292,49.02450149,6.4841522000000005,89.59371481,mango
36.0,24.0,41.0,24.94467632,94.25702672,7.009180374,103.8799347,pomegranate
58.0,61.0,15.0,30.94908189,64.23364112,7.402891666,62.78730907,blackgram
81.0,34.0,30.0,25.17787724,62.26244581,6.6477659970000005,135.0119649,coffee
2.0,61.0,20.0,22.13974653,23.02251117,5.95561668,76.64128258,kidneybeans
33.0,134.0,205.0,21.0365275,94.33919546,6.08551916,114.7412734,apple
77.82217014448858,57.07906235398739,30.39762874355379,16.58688508314503,49.56424399596118,5.811342199949084,62.05108323096867,wheat
25.0,60.0,22.0,21.63149148,21.17919701,5.887263027,134.3649948,kidneybeans
63.0,43.0,17.0,19.28889933,65.47050802,6.807487794,71.3195307,maize
102.0,28.0,54.0,25.15623099,80.27525115,6.862157042000001,55.49541453,watermelon
84.0,21.0,55.0,28.47090661,94.79453182,6.494251024,21.08484101,muskmelon
23.0,39.0,22.0,29.25649321,81.97952224,6.86483915,42.02483277,mungbean
83.0,21.0,28.0,25.5674832,60.49244602,7.466900682999999,190.2257843,coffee
82.0,46.0,41.0,23.325013100000003,79.79609448,6.581693772,187.3096148,jute
60.0,36.0,43.0,23.43121862,83.06310136,5.286203711000001,219.9048349,rice
80.07720926652354,61.50813773895736,34.70570828185289,19.238794362826873,46.372940485158765,7.202517123685776,49.52046920310735,wheat
32.0,56.0,18.0,20.0467711,65.84395319,7.135251532000001,46.05333124,lentil
25.0,17.0,40.0,18.91251245,87.74938524,6.608023872,111.28005159999998,pomegranate
29.0,132.0,204.0,23.08950736,90.22507299,6.0967531,108.2166601,apple
95.0,12.0,51.0,25.76484262,84.17269959999999,6.681606702000001,44.22066914,watermelon
120.0,7.0,47.0,24.24782473,83.03687902,6.653867608,54.76576239999999,watermelon
3.0,60.0,19.0,25.74679443,40.7192594,4.820788186000001,100.7791633,pigeonpeas
105.0,88.0,54.0,25.78749808,84.51194224,6.020445317,114.2005455,banana
33.0,75.0,21.0,33.04687968,68.93875631,6.690655045,62.30278274,blackgram
22.0,60.0,24.0,18.78226261,20.24768314,5.630664753,104.2570723,kidneybeans
17.0,52.0,17.0,27.88352946,86.45147631,6.364967184,44.64407105,mungbean
100.07670184963692,55.465669747568,46.50289695071168,17.656380464242147,52.995053972921944,6.622282695969555,76.08832423048281,wheat
19.0,78.0,16.0,20.65375833,23.10538637,5.967533236,67.71768947,kidneybeans
88.0,35.0,40.0,23.57943626,83.58760316,5.85393208,291.2986618000001,rice
27.0,62.0,24.0,28.63005477,66.770943,7.353876754,62.2737345,blackgram
95.0,55.0,42.0,26.79533926,82.1480873,5.950660556,193.3473987,rice
108.0,92.0,53.0,27.40053601,82.96221306,6.276800323,104.9378,banana
36.50033359741272,25.138485377913714,27.41027812369171,21.92273706037843,58.55303946803049,6.162820914849814,64.59772882178306,millet
28.0,6.0,40.0,22.10621387,91.34039616,6.769855664,106.8704803,pomegranate
33.0,60.0,15.0,28.95172351,81.67085323,6.510840928,56.51103293,mungbean
38.0,55.0,19.0,33.18184225,38.23184742,5.864623352000001,198.8298806,pigeonpeas
114.0,94.0,53.0,26.33544853,76.8532006,6.190757458999999,118.6858263,banana
20.0,40.0,15.0,29.57329479,88.07505524,7.199495367999999,45.04467075,mungbean
26.0,68.0,24.0,28.04849594,64.07691942,7.504930973,37.15824966,lentil
116.0,23.0,25.0,23.4123707,52.26994674,6.869720196,139.3670753,coffee
73.29176132582414,49.06692958148409,38.70203569746018,17.92044447942389,39.96060491888764,6.9557851770925305,60.730197252148564,mustard
1.0,35.0,34.0,30.79375683,46.69536813,6.27339822,92.21318555,mango
120.0,24.0,47.0,26.98603693,89.4138489,6.260838965,58.54876687,watermelon
35.0,64.0,78.0,17.92845928,14.27327988,7.496645259,85.37378769,chickpea
31.0,8.0,7.0,34.51465139,93.63812684,7.163245982,103.5684926,orange
116.0,5.0,54.0,25.37601283,80.99313508,6.65398725,57.23028471,watermelon
36.0,65.0,16.0,25.71269843,64.1123333,7.692013657,50.17067771,lentil
13.0,23.0,6.0,23.96147583,90.26408017,7.365338111,102.6958703,orange
26.0,64.0,22.0,25.95058595,40.58227261,5.16516459,109.1821183,pigeonpeas
94.0,54.0,17.0,23.39128187,61.74427165,5.871647806,107.3198135,maize
98.0,43.0,35.0,25.40785911,76.44048625,7.319952206,188.6372826,jute
95.0,74.0,50.0,25.90113128,80.47152737,6.002481605,110.10323,banana
72.0,41.0,36.0,26.50838667,86.84264005,6.065898282999999,152.9801697,jute
13.0,7.0,43.0,18.20230419,91.12282162,7.013481515,109.66239740000002,pomegranate
29.0,121.0,196.0,22.84852833,94.32130209,6.079497202000001,123.5977843,apple
48.0,61.0,21.0,30.28496619,61.69295127,6.628264883,65.62859526,blackgram
91.5656870613854,57.4123787386689,46.07175376394614,18.063011524898275,54.01210770754757,7.1021564903303025,66.55065418370273,wheat
27.0,60.0,17.0,26.41768321,63.64698302,7.026795358999999,64.42177127,blackgram
104.86125954092192,57.003942802767014,29.912928365319637,18.932722696794013,59.498567221814625,6.83463591498916,87.18747313934415,wheat
9.0,35.0,20.0,27.41503453,80.98004661,6.91380932,40.53173216,mungbean
35.0,52.0,19.0,27.10606808,89.89593328,6.698574085,37.45680611,mungbean
87.0,28.0,30.0,25.60153969,68.66257977,6.536676653,168.8383605,coffee
84.80753319498365,54.722305842358054,33.817398283699426,20.045858913884892,72.40921580418018,7.000366875049752,66.31273753525872,wheat
91.0,35.0,39.0,23.79391957,80.41817957,6.970859754,206.2611855,rice
75.0,49.0,15.0,21.53574127,71.50905983,5.918263801,102.4852929,maize
31.0,130.0,198.0,21.80129837,92.73446667,5.554823557000001,120.05866709999998,apple
115.0,18.0,53.0,29.17052093,94.19790371,6.0124803510000016,22.06994464,muskmelon
58.55686654590074,47.16465641828424,37.06272728929931,24.981288382920297,54.575034775859635,6.401165664095872,32.967991446108556,mustard
117.0,76.0,47.0,25.56202173,77.38229006,6.119216009,93.10247183,banana
99.0,92.0,47.0,28.127950899999995,77.48247073,6.3239336470000005,103.5045395,banana
24.0,55.0,78.0,17.30287885,15.15405941,6.64919573,75.57790384,chickpea
79.0,59.0,17.0,20.37999665,63.73849998,6.644205485,108.5054416,maize
80.0,16.0,46.0,25.50405534,81.40297428,6.940236218,48.47833278,watermelon
113.0,85.0,45.0,27.94972463,76.63713353,6.037430836,109.0921631,banana
38.0,62.0,25.0,32.7477393,67.77954584,7.453975408,63.37784443,blackgram
101.46411777574434,47.874047080022144,149.93728795198646,9.454372138109774,88.74565543554445,5.822801617423723,96.95149799521306,potato
35.0,72.0,21.0,34.03619494,64.28791388,7.741418772,66.85510868,blackgram
90.0,52.0,25.0,25.97482359,69.36385721,6.822586546,103.2234212,maize
25.0,70.0,16.0,19.63474332,18.90705639,5.759237003,106.3598183,kidneybeans
11.0,72.0,22.0,29.37735586,44.82294584,6.842744374,172.40168,pigeonpeas
44.44984007520528,28.838043244321693,20.62085514782006,23.638856508139206,66.1743440958844,6.892520058477053,60.84730265720543,millet
65.72305052352995,28.800760291836305,39.17322654539466,22.810883399676257,71.45234851863633,6.367086793661455,37.57515767461616,mustard
99.58013811403646,62.28692312579924,119.85411546911095,14.115955572837283,83.3056369110631,5.76663218159539,89.67234552588081,potato
38.92786266661666,31.761347592999776,27.649451105737068,22.132051914796644,62.53572572651407,6.262360310611904,71.06389109153724,millet
119.98569333355093,67.87457918781267,133.65701070656797,18.673355455679918,78.58440041909915,5.970694923755582,85.34187817750525,potato
31.0,58.0,15.0,27.11026483,84.96771717,7.121571293,51.52617423,mungbean
25.0,132.0,198.0,22.31944084,90.85174383,5.732757516,100.1173443,apple
14.0,29.0,32.0,35.63627319,48.97047762,6.942520105,97.51952041,mango
31.0,56.0,23.0,31.46846241,35.39454002,5.661826398,174.5723999,pigeonpeas
77.0,58.0,19.0,22.8056033,56.50768935,5.791649933,101.5952794,maize
95.0,23.0,45.0,27.82424457,90.56698742,6.266208727,21.19014526,muskmelon
97.0,12.0,47.0,25.28784623,89.63667876,6.765094963999998,58.28697664,watermelon
85.0,38.0,41.0,21.58711777,82.7883708,6.2490506560000005,276.65524589999995,rice
44.0,60.0,55.0,34.2804607,90.55561637,6.825371185,98.54047745,papaya
20.0,30.0,27.0,27.81005614,51.59445462,4.74910393,95.89898581,mango
42.305104709363945,37.21357442614367,35.196781972469516,18.62610716022855,63.77175387048707,6.600517408725235,40.12797078805073,mustard
27.0,40.0,24.0,27.84026517,89.99615558,7.063022095,52.84626009,mungbean
50.0,47.0,48.0,24.63676897,90.61964344,6.712772332999999,218.2299187,papaya
34.0,60.0,16.0,31.35730791,64.24992106,7.322555222999999,63.85668948,blackgram
103.6936212267047,55.861692399197025,146.10447624789657,19.5685064641065,81.6331555977479,5.443720474291146,90.67979909876529,potato
89.84616999541062,49.559802227372074,56.977249576101066,20.572978869606057,52.11419162931565,7.267112824663923,61.773335713342036,wheat
40.0,16.0,35.0,34.16438906,54.16482251,4.954739564,98.33351125,mango
121.24960762762612,62.675654319896196,157.01410649366224,21.482480362135558,78.38345472031416,5.528827707560563,78.80078449112165,potato
31.0,68.0,45.0,42.92325255,90.07600528,6.938313356,196.2408242,papaya
117.0,86.0,53.0,25.19640218,83.55829874,5.703381727999999,115.8586081,banana
51.10833634450374,42.62043131040106,28.823770950907573,20.18988816979022,46.8888323816597,6.147321618312544,51.29529584221811,mustard
53.0,73.0,77.0,19.71359733,18.09665739,7.325451279,73.64476535,chickpea
67.0,60.0,38.0,24.79853023,78.53037059,7.16214284,162.2847429,jute
4.0,59.0,19.0,26.25070298,67.62779652,7.621494566,40.8106299,lentil
79.4779792881205,71.27477952148465,114.6022705088341,16.278899988184264,82.12218183336228,5.892946213068108,96.35631305228077,potato
22.0,67.0,78.0,17.16606398,14.42457525,6.204090835,72.32667516,chickpea
97.0,59.0,43.0,26.35927159,84.04403589,6.2865001760000006,271.35861370000003,rice
33.72081349534208,32.79857989460116,39.69225413681665,21.772588242905854,75.48246996895686,5.992516497421641,62.588177254787794,millet
104.0,18.0,30.0,23.60301571,60.39647474,6.779832611000002,140.9370415,coffee
17.0,64.0,16.0,30.97758716,32.24914235,7.161797643,180.716828,pigeonpeas
57.44121981396125,35.94575152503033,35.96010935511673,18.035034918412546,52.602586815945706,6.578132679000067,43.23225836884218,mustard
0.0,145.0,205.0,21.22503442,90.09877774,5.52078314,113.9760462,apple
43.0,68.0,81.0,17.47809436,17.93253975,6.761599706,78.92060234,chickpea
95.0,39.0,36.0,23.86330467,83.15250801,5.561398642,285.2493645,rice
63.0,47.0,35.0,26.98582182,89.05587886,7.432768147000001,193.8778713,jute
24.0,70.0,16.0,25.17885316,68.93307305,6.54803469,35.03484812,lentil
34.0,34.0,35.0,27.27433181,47.16808054,6.422710539,95.257992,mango
36.0,144.0,196.0,23.65167552,94.50528753,6.496934492,115.3611268,apple
19.0,57.0,23.0,23.6734328,47.2879691,7.342409555,141.12507219999995,pigeonpeas
84.6348477700446,61.7770701730697,109.60215788530121,20.685579660083196,78.67664343037542,5.589402493657973,90.33817388842954,potato
52.010669215643894,35.73183125142307,39.74807075081736,29.699645804685645,69.06980018583947,5.5492930124360775,60.194936427181716,millet
57.140436617516585,35.93461208598607,29.25709451062974,24.29844476551824,58.11327356534343,6.40938635015304,38.50234773151733,mustard
44.0,55.0,25.0,29.6321052,65.91359954,7.42160832,71.16331975,blackgram
26.0,18.0,30.0,32.06097197,51.08494181,6.336234623999999,96.59816497,mango
49.0,72.0,15.0,31.55846339,67.83563765,7.137004749,74.86960831,blackgram
42.459253582472805,30.845317481467223,32.90839690376685,23.329602052884443,70.66571538605245,5.508180162219033,79.68547115964772,millet
82.0,18.0,48.0,29.09588297,94.16748386,6.1590508160000015,26.70581328,muskmelon
91.0,7.0,52.0,25.07803672,83.46230461,6.405054243,56.39962921,watermelon
9.0,11.0,8.0,24.85903405,94.39000473,6.559236744,111.78037340000002,orange
36.0,59.0,46.0,34.28879307,93.61082872,6.721130542999999,127.2509777,papaya
87.02732151510085,71.05727192830022,114.97569985157627,20.197920231646737,65.44203759880999,5.82454880756427,85.61614138425469,potato
24.0,128.0,196.0,22.75088787,90.69489172,5.521466996,110.4317855,apple
52.79503412281705,48.90469617121579,38.640338354817096,16.751046907681005,75.0,6.318576600638536,46.44887833096891,mustard
2.0,24.0,38.0,24.55981624,91.63536236,5.922935513,111.9684622,pomegranate
86.0,40.0,39.0,25.72100868,88.16513579,6.207459637,175.60866969999995,jute
79.0,45.0,20.0,23.80546189,59.24537979,5.715208817000001,89.96220140000001,maize
116.0,28.0,34.0,23.44372334,60.39523266,6.42321105,122.2103248,coffee
83.0,94.0,47.0,27.39872329,81.10523402,6.469370954,112.1355384,banana
113.0,33.0,34.0,26.00373964,62.144510200000006,6.559817161000002,153.477776,coffee
92.0,7.0,48.0,26.27520631,86.63249555,6.956508826,54.38748495,watermelon
40.0,27.0,45.0,21.66024980000001,94.79397419,5.885638185,112.4349689,pomegranate
84.0,39.0,35.0,23.17714381,52.13864034,6.959404135,117.3113562,coffee
102.49225224595733,64.05819224885838,99.37397697363565,17.888333290470474,66.99584703049078,6.547899855229837,81.86741556297473,potato
14.0,8.0,43.0,21.92513945,94.46485312,7.051654924,111.71620159999998,pomegranate
99.31665251534719,68.52384300052282,132.9113498934746,19.272497839205748,81.30392637604567,6.443544738332016,87.75634436417465,potato
106.0,85.0,53.0,27.1994597,78.80860679999998,5.91505509,99.72430835,banana
87.87259595660218,53.21229771739319,57.06426699725013,15.722602015338907,53.949194037725576,6.872746502023398,50.33446629329666,wheat
87.0,60.0,23.0,20.27317074,63.91281869,6.439071996,62.50351892,maize
78.0,35.0,44.0,26.54348085,84.67353597,7.072655622,183.6222657,rice
43.35625955125622,36.988436126743025,39.12789631153471,23.888889608854765,63.32622501004378,6.379010584849143,84.44661324602579,millet
21.0,39.0,20.0,28.14448546,82.1193047,7.064782137999999,46.75690086,mungbean
108.0,22.0,46.0,26.17668721,86.72952049999998,6.121168559,53.33484977,watermelon
113.0,20.0,48.0,27.46583649,94.87679041,6.440584681,27.27899847,muskmelon
112.96936870665546,74.77365860588827,112.62452966211185,19.290124941573207,80.6446271279293,5.4006301139326665,93.5915109648779,potato
112.32853756562835,61.61746599228819,43.69682779410616,15.697957311335852,58.007711683548976,5.915545876396846,55.6661997489095,wheat
73.0,58.0,21.0,19.97215954,57.68272924,6.596060648,60.65171481,maize
40.0,22.0,6.0,24.53610067,91.90997228,6.488221135,115.9787989,orange
36.0,11.0,13.0,17.34083741,93.04897191,7.1917274,112.7194284,orange
84.0,40.0,42.0,26.2830571,73.35763537,6.704273839,186.6898282,jute
8.0,45.0,18.0,27.93034941,85.42058715,7.011030515,43.25095608,mungbean
48.0,62.0,15.0,25.36586097,66.6379724,7.538631462000001,65.81655892,blackgram
100.31309260253,63.059277969472404,128.51236204330925,17.884474591497877,75.75345872082926,5.49557298079214,104.28775529743609,potato
88.0,52.0,39.0,23.92887902,88.07112278,6.880204617,154.6608736,jute
107.0,5.0,52.0,26.6634609,89.98405233,6.8814257460000015,57.40847165,watermelon
65.0,60.0,43.0,21.97199397,81.89918197,5.658169482000001,227.3637009,rice
77.0,36.0,23.0,24.71417533,56.73426469,6.648725327,88.45361858,maize
27.0,57.0,24.0,27.33534897,43.35795962,6.09186275,142.33036769999995,pigeonpeas
82.0,25.0,51.0,24.31334971,87.47409052,6.074209622000001,48.11248366,watermelon
59.0,70.0,84.0,17.3348681,18.74926979,7.550808267000001,82.61734721,chickpea
58.21438196292156,49.70327544981174,22.079942480772534,18.742563073621643,74.41373189076418,6.173110088797284,20.0,mustard
86.0,39.0,43.0,26.14576648,71.23690851,6.432051512,193.1007598,jute
120.0,19.0,49.0,25.79448878,84.26830701,6.762471628999998,56.45229202,watermelon
118.0,12.0,47.0,27.96872279,92.17444796,6.010739645,28.94766949,muskmelon
89.0,54.0,38.0,24.51588066,83.53521629999999,6.685346424,230.4462359,rice
12.0,19.0,31.0,27.25373364,52.66319725,5.566704378,91.87312479,mango
35.585134832860426,23.56716592808636,33.52016280885165,18.374482591062765,69.3702739840296,6.320163810091073,73.92093717522783,millet
22.0,28.0,26.0,27.67256197,45.41692012,4.947683034,92.84991507,mango
17.0,67.0,18.0,31.2192752,56.46868874,5.611510977000001,129.20286529999998,pigeonpeas
67.0,46.0,44.0,26.82489244,78.20392774,7.093328631,153.91998069999997,jute
29.0,77.0,75.0,17.50361137,15.48083156,7.778591617999999,72.9446671,chickpea
25.0,143.0,198.0,22.81212536,91.51861705,6.027314401,107.855225,apple
4.0,14.0,41.0,19.85139326,89.80732335,6.430163481,102.8186358,pomegranate
41.92602543590855,24.732104479460634,31.166305809464017,22.03777295061773,55.45090534594816,5.637707079654953,62.10260213109692,millet
10.0,5.0,42.0,20.24104904,91.08706822,6.887005997,109.2537734,pomegranate
42.0,59.0,55.0,40.10207731,94.35110201,6.979102243,149.1199989,papaya
60.407101614848145,43.50647788283491,37.525837666336336,23.453635196726218,44.931960714597324,6.434586231382288,49.63288530118106,mustard
40.0,63.0,18.0,30.41588462,67.66323804,6.74441168,63.02473185,blackgram
17.0,77.0,24.0,20.76952209,18.93146941,5.568456899,109.0193712,kidneybeans
52.22774741130026,23.85487905402477,27.44185442276674,26.128355451417118,63.310958089378445,5.932742472566084,77.62501636251072,millet
101.0,33.0,33.0,26.97251562,62.0183627,6.908671378999999,142.8610793,coffee
57.0,73.0,85.0,18.49311205,14.72115044,7.358099622,91.94595352,chickpea
65.0,39.0,45.0,23.66805429,70.89000744,6.768001309,184.4633281,jute
29.0,128.0,198.0,22.44075021,92.70785115,5.685062404,121.4977331,apple
10.0,5.0,5.0,21.21306973,91.35349216,7.817846496,112.9834361,orange
99.0,36.0,20.0,20.57981887,65.34583901,6.671085817000001,78.34604471,maize
121.74938269596315,76.08163631013079,108.53837346822928,19.039511645192146,80.12049335268185,6.170827952563131,79.38236743167718,potato
5.0,68.0,20.0,18.72987676,61.33186249,5.001038726,139.8710041,pigeonpeas
91.27435389010158,55.85910960771063,123.21540521126386,13.330254304020746,64.84225911482768,6.495798861994508,81.97112713608101,potato
109.71532807151038,52.25828386778584,48.66440994540221,20.241880815369786,60.041949597745464,6.240572970472344,75.43527104126792,wheat
24.0,80.0,19.0,29.67892453,69.0854554,6.8080417220000005,65.66436565,blackgram
32.0,14.0,37.0,22.73031253,88.48567856,6.825256236,104.6843243,pomegranate
61.31808672989214,40.63536671869141,39.19297052121521,24.37395976051355,49.32336116200662,7.042791904919933,49.148655003619105,mustard
36.0,43.0,21.0,28.36319404,84.8593608,7.140437859,52.93031105,mungbean
45.77905086262217,31.20341518338566,32.42238054201966,19.781047608984498,72.71881306477967,5.6113373061834855,70.00633550627917,millet
108.40371855290789,65.06345454204408,136.71562840025973,16.888157003741682,73.05101169894826,5.783269276702688,92.20031903734987,potato
111.0,87.0,48.0,26.3985515,81.36028902,5.571401169,98.16752001,banana
27.0,71.0,24.0,31.46417866,48.17631461,7.064973419,165.40535400000005,pigeonpeas
95.48344456616067,56.47707086825844,46.926041553360974,16.47917047388661,59.287039683897696,7.37662744826316,46.962284562582724,wheat
86.0,31.0,35.0,27.01207284,60.76645256,6.485761419,191.4508931,coffee
44.74021559360946,25.631982352625194,31.07749069163759,24.063934946015827,62.636157455766714,5.7020389420774205,79.81467589630034,millet
117.0,30.0,50.0,24.90123934,87.20772913,6.744966312000001,46.59207341,watermelon
61.0,60.0,15.0,24.87502824,68.74248334,6.265564338,91.26056654,maize
44.30636863239707,37.32620217315212,30.679622463226586,25.539317394528247,63.949944263261564,5.208280075849685,70.71919156319593,millet
110.00706585458684,64.67142548260772,152.55097452650728,21.090850362095527,69.10507563877015,5.249138388069011,105.62089547278558,potato
3.0,141.0,197.0,21.98141856,91.12719303,6.142803397000001,115.4789148,apple
33.0,73.0,23.0,29.23540524,59.38967583,5.985792703,103.3301803,pigeonpeas
55.06910873568418,42.181791295749804,36.56750318740313,23.718115388339818,59.27703268897948,6.756357568119984,40.483405238403776,mustard
95.0,75.0,45.0,28.98333432,82.95958244,5.829898502000001,109.022564,banana
60.814850362095896,40.08563840701861,38.003994328287256,19.671318510820832,62.80653375475767,6.5571906773795074,41.64862218828548,mustard
21.0,72.0,17.0,31.52104732,66.55723677,7.580527339,61.71111448,blackgram
97.0,35.0,26.0,24.91461008,53.74144743,6.334610249,166.2549307,coffee
10.0,136.0,204.0,21.19852186,92.15595143,6.276198595,105.8554351,apple
14.0,75.0,24.0,24.54757829,57.3414485,6.436160044,118.3606557,pigeonpeas
19.0,122.0,202.0,23.34467359,90.37981478,5.811975094,112.8954016,apple
65.0,60.0,22.0,25.36768364,72.52054555,6.6069840860000015,107.9124111,maize
84.0,7.0,51.0,26.81530456,87.65694462,6.399669044,55.74073582,watermelon
102.0,25.0,50.0,28.20480805,92.91440379,6.099662369,20.36001144,muskmelon
27.0,64.0,21.0,32.84213012,68.68401492,7.543804222999999,73.67166182,blackgram
89.0,60.0,17.0,25.37548751,57.21025565,5.983952675,101.7004306,maize
6.0,64.0,23.0,23.33565221,67.40460704,7.065264073,36.18678721,lentil
34.0,61.0,49.0,28.12971499,93.3210737,6.502675132,117.8201907,papaya
102.35014306117218,49.24439591172578,121.67200709960203,17.227870387729965,76.92814329270163,5.63275246449765,108.36900998812436,potato
82.0,77.0,46.0,28.9470467,82.1888998,5.901100841,95.83016448,banana
60.0,54.0,19.0,18.74826712,62.49878458,6.417820493,70.23401597,maize
72.0,51.0,40.0,23.20683504,74.09956958,7.422318499,199.4766779,jute
18.0,9.0,40.0,19.44623085,89.02127045,5.627186257000001,106.1606833,pomegranate
92.81238643232065,47.20254663818143,32.58455622737534,19.558039542723517,75.71780106333111,6.915909942758565,58.116055917437166,wheat
47.0,80.0,77.0,17.18248372,16.42891834,7.561108006,72.85017344,chickpea
35.0,63.0,76.0,17.81564548,17.60756635,7.714153037999999,90.82097601,chickpea
36.0,67.0,20.0,20.39078312,60.47528931,6.924042372000001,53.31508572,lentil
3.0,72.0,24.0,36.51268371,57.92887167,6.03160778,122.6539694,pigeonpeas
74.0,56.0,22.0,18.28362235,66.65952796,6.829199275,80.97573281,maize
114.0,30.0,51.0,29.24908541,90.06998135,6.069171847000001,25.93496537,muskmelon
39.0,58.0,85.0,17.88776475,15.40589717,5.9969320370000005,68.54932919,chickpea
12.0,29.0,13.0,22.45616931,91.52781832,7.57125447,118.0069295,orange
26.0,18.0,42.0,19.72620525,89.64934166,6.910374919,108.22872759999998,pomegranate
52.0,60.0,79.0,19.45339934,18.23490739,8.380185271,75.6317566,chickpea
1.0,17.0,6.0,10.78689755,91.38411917,6.8198271,117.5293447,orange
82.0,24.0,33.0,26.53543168,67.09608099,6.809593554,120.6494434,coffee
87.0,44.0,43.0,23.87484465,86.79261344,6.718725189,177.5147313,jute
0.0,65.0,24.0,28.49584395,62.44616219,7.841496029,53.14531023,lentil
89.0,25.0,34.0,23.07895447,63.65861483,7.184801627000001,129.8765443,coffee
50.087143394768795,37.55778212243932,35.04237895176906,18.908089406904455,45.034260988428926,6.190242828941738,60.54160420714774,mustard
82.0,23.0,49.0,26.81383586,87.21986949,6.873283991,51.70497792,watermelon
84.0,40.0,43.0,25.01157559,88.33130229999998,7.228268227999999,169.4168014,jute
21.0,29.0,12.0,22.30318989,92.15987039,6.438668989,117.3688104,orange
29.0,68.0,23.0,24.1638445,19.27907819,5.82738029,116.7324324,kidneybeans
117.0,19.0,55.0,28.80311922,91.78336933,6.121745389,25.16359891,muskmelon
82.0,24.0,26.0,24.31274458,53.57285558,6.089443602999999,184.4103931,coffee
5.0,13.0,37.0,22.34375696,89.7870345,5.648243648999999,103.3183074,pomegranate
57.0,64.0,55.0,26.68386496,92.9585411,6.583760498999999,62.50689682,papaya
49.0,76.0,18.0,27.05365239,67.7017527,7.393631868,60.4693835,blackgram
85.0,58.0,41.0,21.77046169,80.31964408,7.038096361,226.6555374,rice
44.0,77.0,21.0,32.63918668,61.3009051,7.326980454,61.83876146,blackgram
77.0,52.0,41.0,23.89069041,83.46409075,6.097294061,167.72306319999996,jute
87.0,21.0,52.0,27.350629600000005,94.29119509999998,6.067665497999999,27.21244021,muskmelon
48.1925002064917,30.12476224605245,33.08344709795349,27.228021415795794,69.4873555835299,5.934773214422495,51.35489480780723,millet
39.0,52.0,53.0,32.51247398,94.65904123,6.704204398,51.07048113,papaya
109.17514433261302,56.85802957728803,48.25972208440918,17.520184410109717,64.03237212414275,6.901768337320485,51.721689095099954,wheat
119.0,7.0,55.0,26.03867719,84.6378378,6.031424482,44.3993381,watermelon
68.91457355735098,36.39745860556777,32.67740178515359,19.84452245750172,59.85480474572537,6.709370981761708,58.414759155308815,mustard
81.0,36.0,38.0,23.76554749,87.98329901,6.334837865,150.31661519999997,jute
100.33982051356553,69.65207173206686,121.43231515325805,20.748983024107446,76.34348480438797,5.880217694221571,104.4049668953331,potato
35.0,64.0,15.0,28.47442276,63.53604453,6.500144962,69.5274407,blackgram
58.0,79.0,17.0,27.24766491,66.10123083,7.04174124,62.31842057,blackgram
100.0,14.0,49.0,29.48882958,91.07574233,6.365956657999999,26.01909355,muskmelon
27.0,80.0,15.0,19.07096165,21.21092266,5.7883869510000014,86.21917578,kidneybeans
23.0,70.0,15.0,34.600824700000004,63.11296779,7.403623355,60.41790253,blackgram
16.0,7.0,8.0,22.79196751,90.60901895,6.420457311,116.5084074,orange
13.0,22.0,5.0,19.667056,90.50096668,7.764040111,100.1737964,orange
8.0,58.0,17.0,28.75273118,69.15640149,7.286049977999999,35.15426171,lentil
117.0,25.0,54.0,28.68275966,92.50969311,6.150686363999999,29.11187663,muskmelon
112.0,39.0,29.0,26.12492233,63.37479229,6.726528895,147.8035305,coffee
98.0,79.0,50.0,25.34119774,84.47321314,6.435917308,91.06493353,banana
27.0,139.0,205.0,22.48403042,93.40819246,5.7721799460000005,105.5473627,apple
22.0,30.0,12.0,15.78144173,92.51077745,6.354006743999999,119.035002,orange
39.0,24.0,14.0,30.55472573,90.90343769,7.189259647,106.0711985,orange
13.0,8.0,12.0,25.16296632,92.54736032,7.105904818,114.3117197,orange
43.92779961310601,22.980498985738272,42.37514951545887,26.85092277592073,64.73416007484431,6.4343145299757385,69.69310825369607,millet
70.0,54.0,46.0,39.73149053,91.12220596,6.919342407,122.7628653,papaya
75.0,36.0,44.0,23.28081,74.27607475,6.613341342999999,153.7447398,jute
2.0,131.0,199.0,22.47420512,91.22759742,6.017370134,124.2179699,apple
47.192768172187876,34.60729571006123,32.126975263949575,20.735560322533733,43.9790599939661,6.388847570422992,47.41321934916781,mustard
61.97203822745604,42.42576852977019,26.88397828493879,21.856706045899305,55.68549729122687,6.231479047317019,36.956842403400074,mustard
77.0,51.0,44.0,23.25583402,82.7015932,7.124333547000001,166.2160846,jute
21.0,31.0,32.0,35.38598705,51.42664176,5.254532213,90.29643888,mango
26.0,56.0,22.0,23.05276444,60.424786,7.011121216,52.60285259,lentil
35.0,67.0,49.0,41.31330062,91.1508798,6.617066674,239.7427554,papaya
78.81544447997062,61.015464261494195,40.65499311509058,17.609570836896946,60.54014785128087,7.100554849348716,67.68660829134957,wheat
120.0,23.0,28.0,25.67324193,51.29043632,6.877799264,196.2736367,coffee
114.0,21.0,55.0,25.4438391,87.93923120000002,6.472756256,57.51549686,watermelon
29.0,35.0,28.0,28.347161100000005,53.53903102,6.9674177660000005,90.40260445,mango
11.0,60.0,23.0,27.33684386,88.50229102,7.033012777000001,51.09802625,mungbean
71.0,56.0,37.0,23.18866654,86.20899734,6.491506245,176.103677,jute
115.0,31.0,30.0,24.22984659,67.37768353,6.840927967000001,122.4073418,coffee
108.91916912827259,57.09729151648273,119.4981877759124,24.42681107583559,68.1419705236171,5.924139729235449,95.83801972591442,potato
88.0,46.0,42.0,22.68319059,83.46358271,6.604993475,194.2651719,rice
4.0,20.0,25.0,28.93270187,47.94053996,5.664587011,99.9834242,mango
9.0,48.0,22.0,27.77076285,87.09979549,6.402926221,49.50812624,mungbean
13.0,30.0,37.0,20.86474944,91.61793636,6.277148771,106.8685636,pomegranate
7.0,17.0,10.0,10.16431299,91.22320999,6.465913274,106.362551,orange
105.35668857267619,48.14273954866974,45.29704539616837,16.201822063667933,52.355676475196596,6.633884834439679,51.45137874539325,wheat
4.0,40.0,26.0,27.58258929,48.56916221,6.720041791,95.8445641,mango
58.0,70.0,84.0,20.6543203,16.60820843,6.231049027999999,74.6631118,chickpea
27.0,72.0,23.0,19.92889503,21.79992115,5.961934481,64.02640797,kidneybeans
34.0,9.0,36.0,22.8122645,86.34233767,6.276038961,110.4432293,pomegranate
37.0,70.0,25.0,19.73136909,24.89487354,5.819403771,84.06354115,kidneybeans
55.894291468227316,41.59526937791229,37.529519663686735,20.67873827706412,57.62303619327486,6.700502146615424,23.99973492348376,mustard
15.0,27.0,28.0,33.80398664,46.12866113,4.507523551,90.82549241,mango
18.0,23.0,8.0,21.49118657,93.43949693,6.41354791,101.4819888,orange
111.0,79.0,53.0,28.31193338,75.77363772,6.165001277999999,119.695765,banana
69.0,67.0,52.0,27.71948962,94.43877142,6.827305908,82.83061083,papaya
78.04727577801822,58.08253903783069,34.456723237914765,16.592473043685885,64.31128034947727,6.595993440458101,61.28544272823212,wheat
0.0,27.0,38.0,22.44581266,89.90147027,6.7380162210000005,109.3905998,pomegranate
112.0,17.0,28.0,27.62975458,61.26002598,6.777417989,196.6492664,coffee
36.0,55.0,20.0,27.01470397,84.34262707,6.635968697999999,55.296354,mungbean
35.0,74.0,22.0,26.7230014,62.96841833,6.898905799,42.87274897,lentil
82.05690063878994,48.43454145318631,31.804898869325683,19.205135166296824,61.71183928587378,6.669590587132864,58.47890274639482,wheat
40.0,72.0,77.0,17.02498456,16.98861173,7.485996067,88.55123143,chickpea
27.79474948343924,25.034458676107683,31.699727229276853,24.957523531257543,61.20928522343267,5.743407361910819,64.56101909172384,millet
99.0,15.0,27.0,27.41711238,56.63636248,6.086922359,127.92461000000002,coffee
36.0,68.0,20.0,17.06104474,23.77201471,5.86442953,81.83420522,kidneybeans
26.0,67.0,24.0,36.97794384,37.73992903,5.642813116,161.48129630000005,pigeonpeas
90.0,39.0,43.0,24.44743944,82.286484,6.7693455,190.9684885,jute
40.0,78.0,20.0,19.18572809,20.83398341,5.669236258,80.15293435,kidneybeans
61.0,64.0,52.0,43.30204933,92.83405443,6.641098708,110.562229,papaya
111.0,6.0,53.0,26.493064500000006,88.59143088,6.313512998999999,46.06382209,watermelon
27.0,30.0,5.0,32.71748548,90.54608254,7.656978112000001,113.328978,orange
31.174333074226535,39.259461169633134,37.68609817041067,26.424173394843436,76.28745903797017,5.885598311247955,84.86735623527325,millet
95.0,12.0,46.0,26.21667586,81.01009354,6.32281728,54.65423596,watermelon
27.0,120.0,200.0,21.45278675,90.74531921,6.1102188260000005,116.7036582,apple
76.0,47.0,42.0,20.08369642,83.29114712,5.739175027000001,263.6372176,rice
38.327813941711796,15.454558438362351,17.268870605948432,24.22630091670478,71.34790976441771,6.208448971351736,74.68557819914668,millet
113.0,30.0,50.0,26.03967219,83.9862443,6.277484042999999,43.87712348,watermelon
20.0,67.0,19.0,19.24462755,50.54495302,5.671419084,180.6465282,pigeonpeas
5.0,65.0,16.0,21.32776028,18.48522915,5.866744372,109.1013261,kidneybeans
28.0,69.0,16.0,29.77013109,66.29327012,6.547361617999999,35.69674138,lentil
0.0,67.0,22.0,29.82112112,69.4073209,6.5937983870000005,51.56461082,lentil
14.0,18.0,35.0,31.09154239,47.02058367,4.791146778,91.46664318,mango
31.0,11.0,45.0,24.83954414,86.88738076,6.034612928,107.6435771,pomegranate
6.0,62.0,22.0,20.53052663,18.09224048,5.824090984,120.4509288,kidneybeans
37.0,38.0,32.0,31.85744939,45.53106268,5.417340525,91.55845821,mango
107.0,22.0,54.0,27.99611732,90.84660317,6.630301421,21.61893763,muskmelon
37.0,77.0,17.0,36.20970524,31.94550613,5.617122801,191.0658531,pigeonpeas
16.0,15.0,42.0,19.67832052,89.08935702,6.890784045,108.5468633,pomegranate
108.0,94.0,47.0,27.35911627,84.54625006,6.387431382999999,90.81250457,banana
83.97586769547878,55.753049816637436,136.38186342677446,16.952226887044713,83.3520137180676,5.754259049085837,84.14506310225157,potato
23.0,72.0,84.0,19.02061277,17.13159126,6.920251378,79.92698081,chickpea
72.0,60.0,25.0,18.52510753,69.0276233,5.773454729,88.10234397,maize
68.0,69.0,52.0,25.65492304,92.74501561,6.813383387000001,52.95477913,papaya
38.0,60.0,20.0,29.84823072,60.63872613,7.491217102,46.80452595,lentil
61.0,68.0,50.0,35.21462816,91.49725058,6.7932454170000005,243.0745066,papaya
88.0,29.0,51.0,24.71885473,88.94568335,6.095689937,48.45978627,watermelon
36.0,25.0,33.0,27.98392787,53.33018851,5.548584852,99.61465679,mango
48.0,57.0,54.0,29.02328049,90.20396783,6.617703177999999,126.8069869,papaya
131.5885847780487,55.43402965000419,146.75943747382192,15.985129896185846,81.05890253605581,5.437107694392639,58.90749249426108,potato
88.0,54.0,44.0,25.7354293,83.88266234,6.149410611,233.1321372,rice
0.0,69.0,21.0,25.86928193,61.88321072,7.072923306,36.68284038,lentil
26.0,15.0,6.0,17.22034507,94.78797376,6.912033409,108.0054343,orange
35.0,131.0,203.0,22.42776057,93.91722423,5.893490899,102.7230739,apple
48.25979787398048,44.117910741740204,31.038073163159318,15.983557248153302,55.43947288799879,6.619378114984043,53.539759765522234,mustard
35.0,138.0,200.0,21.19909519,90.80819418,5.67130617,103.6838922,apple
49.3877908598826,40.63350958001847,38.473323332492576,23.49353483042997,49.945207636018885,5.843340573031283,65.08861074264276,millet
59.0,55.0,79.0,20.36720401,16.89574311,8.766128654,82.2545577,chickpea
30.205614109685072,25.51672992511306,29.291588838053528,26.226382473215676,71.48646618527826,6.114221629943063,68.35153853920724,millet
56.0,79.0,15.0,29.48439992,63.19915325,7.454532137,71.89090748,blackgram
106.0,21.0,52.0,28.89578588,94.78993038,6.286515359,23.0362503,muskmelon
30.432935503718525,20.624724858680743,35.043720159027316,24.369614420353457,56.27226855827841,5.9220366878589275,87.07297763319929,millet
20.0,68.0,23.0,25.54960633,63.95425534,7.707332484,63.1830529,blackgram
61.0,51.0,51.0,39.30050027,94.16193416,6.574677594,120.9512466,papaya
89.0,11.0,47.0,29.78714005,94.65343534,6.327822962000001,27.8659442,muskmelon
96.4811929993728,45.85623761735501,45.037030735388896,21.713448935920386,48.93760215228531,6.950920197217941,62.78117436268413,wheat
1.0,59.0,23.0,27.46852989,87.17649,7.184398832,43.78420984,mungbean
92.0,60.0,23.0,18.66746724,71.516474,5.721667141,69.93293255,maize
123.68819223261087,70.08948720968424,44.12028213766928,21.832994687365275,51.45903656493925,6.563042430304452,55.714529610757126,wheat
95.0,82.0,48.0,27.39489579,83.31172003,5.719014989,92.78133617,banana
44.690912150040745,31.810751398916796,35.914379974079175,25.503282509819535,58.070601214284,5.988294874526009,69.88839614633663,millet
12.0,27.0,26.0,29.09382275,45.5661059,5.32307197,96.23520043,mango
9.0,59.0,24.0,20.43517772,39.37252634,4.747352458,137.22796619999997,pigeonpeas
26.0,63.0,17.0,29.87854588,65.73085206,6.950300686,44.95654782,lentil
76.0,40.0,43.0,25.15745531,83.11713476,5.070175667,231.3843163,rice
25.0,64.0,20.0,33.15122581,32.45974539,4.807776748999999,105.03802749999998,pigeonpeas
99.0,6.0,45.0,26.12588914,86.5507939,6.000975617000001,40.71210074,watermelon
107.0,71.0,55.0,29.42017919,83.96754496,6.088064451,117.229079,banana
95.0,27.0,55.0,28.47212559,91.21322065,6.160414414,20.88620369,muskmelon
56.0,58.0,49.0,37.13165026,94.60761797,6.69215564,172.47880619999995,papaya
22.0,68.0,16.0,27.70496805,63.20915034,7.74672376,37.46160727,lentil
87.0,48.0,38.0,23.81579631,80.94023552,7.161865733,190.312216,jute
87.0,35.0,25.0,21.44526922,63.1621551,6.178056304,65.88951188,maize
55.41118581682479,44.384584714399146,38.4512300966394,19.076182677916602,52.63928068609675,6.821462945670466,39.690291021880356,mustard
28.0,7.0,9.0,34.591784600000004,92.13229786,6.730757538,115.5650287,orange
17.0,77.0,23.0,24.51324787,20.81527638,5.670062975,64.19497947,kidneybeans
95.0,13.0,46.0,29.84070774,93.76312893,6.126019932,23.28207838,muskmelon
29.0,78.0,25.0,19.95991719,59.33157782,5.982854522999999,195.787103,pigeonpeas
63.73086699557068,39.51086396139012,42.41486972004163,19.476715451051597,53.123035440340686,6.6876892800938,43.03533416571903,mustard
62.0,49.0,37.0,24.21744605,82.85284045,7.479248124,166.13658859999995,jute
19.0,38.0,26.0,31.48451729,48.77926304,4.525722333,93.17221967,mango
118.0,15.0,45.0,24.21495706,84.20576992,6.538006356,48.01138482,watermelon
89.0,25.0,50.0,27.04863538,91.34685096,6.375923383,25.08146686,muskmelon
1.0,27.0,36.0,23.98598756,93.34236582,5.684995235,104.991282,pomegranate